Bedrooms,Bathrooms,SquareFootageHouse,Location,Age,PoolQuality,HasPhotovoltaics,HeatingType,HasFiberglass,IsFurnished,DateSinceForSale,HouseColor,HasFireplace,KitchensQuality,BathroomsQuality,BedroomsQuality,LivingRoomsQuality,SquareFootageGarden,PreviousOwnerRating,HeatingCosts,Price,WindowMaterial
1.0,2.0,127.0,2.0,69.0,1.0,False,0,1,1,2023-09-25,Yellow,False,1,1,1,1,16.0,1.33,76.2433844660978,346.57594,1
3.0,3.0,129.0,2.0,65.0,1.0,True,2,0,0,2022-09-22,Gray,False,0,1,2,0,16.0,1.52,206.60981090279535,429.91007,2
1.0,2.0,99.0,1.0,43.0,2.0,False,0,1,1,2022-05-01,White,False,1,1,2,0,46.0,2.49,59.4,243.80271,0
2.0,2.0,126.0,2.0,35.0,-1.0,False,2,0,0,2020-12-10,White,False,1,1,1,1,6.0,1.44,201.6,378.22772,2
1.0,1.0,45.0,0.0,47.0,2.0,False,2,0,1,2021-06-23,Yellow,False,1,2,2,1,46.0,4.63,72.0,121.05968,0
1.0,1.0,23.0,0.0,13.0,-1.0,False,2,0,1,2020-09-10,Green,False,1,1,2,2,6.0,2.47,36.52416589425993,108.5784,2
2.0,2.0,95.0,1.0,47.0,-1.0,True,2,1,0,2023-12-27,Gray,False,2,1,1,2,6.0,1.91,152.0,217.37796,1
2.0,2.0,96.0,2.0,58.0,1.0,False,1,0,0,2023-06-06,Yellow,False,1,2,0,1,16.0,3.91,97.0,215.25902,0
1.0,1.0,91.0,0.0,38.0,2.0,True,0,0,0,2020-12-24,Green,False,1,1,0,2,46.0,1.66,52.8,155.24395,2
1.0,1.0,28.0,2.0,66.0,1.0,False,1,0,1,2021-12-11,Gray,False,1,2,1,1,16.0,2.29,28.0,202.40956,1
1.0,1.0,49.0,1.0,50.0,1.0,True,0,1,1,2022-01-23,White,False,0,1,0,1,16.0,2.34,30.6,107.6489,0
3.0,2.0,143.0,1.0,32.0,1.0,False,2,0,1,2021-06-14,Yellow,True,2,1,0,0,16.0,4.53,232.0,342.18513,1
2.0,3.0,108.0,2.0,47.0,1.0,False,1,1,1,2021-09-01,White,False,0,1,0,2,16.0,2.24,106.0,339.70145,1
2.0,2.0,134.0,0.0,43.0,-1.0,False,2,0,0,2021-05-19,Gray,False,1,1,0,0,6.0,2.95,214.4,114.95402,0
1.0,1.0,83.0,0.0,61.0,1.0,True,0,0,1,2023-07-28,White,False,2,2,0,1,16.0,3.18,51.16255501798819,149.80814,2
3.0,3.0,102.0,1.0,43.0,-1.0,False,2,0,1,2023-04-07,Green,False,1,1,2,0,6.0,2.91,160.0,258.41631,1
4.0,1.0,145.0,1.0,45.0,-1.0,True,0,0,1,2022-11-06,White,False,0,1,0,2,6.0,3.42,88.2,282.32557,2
1.0,1.0,87.0,2.0,47.0,-1.0,False,0,1,0,2023-04-26,Gray,False,0,2,0,1,6.0,1.43,51.6,186.03936,1
1.0,2.0,83.0,0.0,38.0,0.0,False,2,0,0,2021-09-12,Gray,False,1,1,1,1,14.0,2.65,132.7990592953177,141.41595,2
4.0,3.0,141.0,1.0,47.0,-1.0,False,2,1,1,2023-05-02,Yellow,False,2,2,1,1,6.0,4.61,230.4,299.86176,0
2.0,2.0,64.0,2.0,69.0,0.0,False,0,0,1,2022-12-19,Yellow,False,1,1,2,2,14.0,2.34,40.332196847213595,324.69779,2
2.0,1.0,69.0,1.0,44.0,-1.0,False,1,0,1,2023-09-29,Yellow,False,1,0,2,2,6.0,2.14,69.56704984126021,127.65216,0
1.0,1.0,47.0,2.0,40.0,-1.0,False,0,1,0,2023-04-22,Green,False,1,2,2,1,6.0,2.42,30.641876378625795,119.14781,0
2.0,2.0,98.0,1.0,43.0,-1.0,False,2,0,0,2023-09-23,Yellow,False,1,1,2,1,6.0,4.3,156.8,257.16476,2
2.0,5.0,138.0,2.0,47.0,-1.0,True,0,0,1,2023-12-29,Gray,False,1,1,1,0,6.0,2.55,83.4,257.40436,0
1.0,1.0,61.0,2.0,47.0,1.0,False,2,1,0,2021-02-16,Gray,False,1,0,0,1,16.0,3.65,97.49826504826319,220.08495,1
1.0,1.0,83.0,0.0,65.0,0.0,False,1,0,1,2021-09-20,Green,False,1,0,1,1,14.0,2.2,83.0,141.99963,2
1.0,2.0,86.0,1.0,24.0,-1.0,False,0,1,0,2021-03-09,Yellow,False,0,0,1,2,6.0,2.14,52.2,146.47819,1
2.0,2.0,106.0,1.0,63.0,-1.0,True,0,0,1,2023-09-11,Yellow,False,0,2,2,2,6.0,3.81,63.0,149.38014,0
2.0,2.0,102.0,2.0,47.0,1.0,False,1,0,1,2023-11-16,White,False,0,1,1,2,16.0,1.38,102.1422283380082,263.51077,0
1.0,2.0,61.0,2.0,52.0,2.0,False,0,1,1,2021-11-29,Yellow,False,1,1,1,1,46.0,3.04,36.6,357.01552,1
1.0,1.0,143.0,0.0,10.0,1.0,True,2,1,1,2022-12-08,Gray,False,2,2,1,1,16.0,4.14,229.07395269637547,256.29449,2
2.0,3.0,124.0,2.0,37.0,0.0,False,0,0,1,2023-07-08,Yellow,False,2,0,1,2,14.0,4.52,75.0,273.71422,0
1.0,1.0,46.0,2.0,47.0,1.0,False,1,0,1,2024-02-15,Green,False,2,1,2,2,16.0,2.39,44.0,340.31024,2
1.0,1.0,57.0,2.0,44.0,-1.0,False,2,1,1,2022-10-08,Yellow,False,1,1,1,1,6.0,4.02,89.6,254.1963,1
2.0,1.0,95.0,0.0,36.0,-1.0,False,2,0,1,2024-03-25,White,False,1,0,1,1,6.0,3.33,152.05403797552927,142.68712,1
2.0,2.0,134.0,0.0,47.0,0.0,True,0,0,0,2020-02-06,White,False,0,0,1,0,14.0,2.43,80.4,99.4823,1
1.0,2.0,88.0,0.0,50.0,1.0,False,0,0,1,2020-02-27,Green,False,1,0,1,1,16.0,2.71,52.8,79.88437,0
1.0,1.0,37.0,2.0,51.0,-1.0,False,0,1,0,2023-09-07,Yellow,False,2,2,2,0,6.0,2.38,21.0,166.2655,1
2.0,2.0,90.0,0.0,17.0,0.0,True,2,0,1,2022-04-04,Gray,False,0,2,1,2,14.0,1.25,144.03113019210778,188.05449,2
1.0,1.0,120.0,0.0,42.0,-1.0,False,2,0,0,2021-03-10,Gray,False,1,2,1,1,6.0,2.96,193.6,156.90169,2
2.0,2.0,61.0,1.0,67.0,-1.0,False,2,1,1,2020-04-06,White,False,0,1,2,1,6.0,1.65,99.2,132.4717,0
1.0,1.0,96.0,2.0,63.0,1.0,False,2,1,0,2022-10-23,White,False,1,0,1,2,16.0,1.85,153.65861953221355,257.99568,0
1.0,2.0,94.0,2.0,30.0,-1.0,True,1,0,1,2022-01-07,White,False,1,1,1,1,6.0,1.8,94.2452153690996,205.17058,0
1.0,1.0,83.0,1.0,63.0,2.0,False,0,1,1,2023-04-05,Gray,False,1,1,0,1,46.0,1.7,49.8,323.33082,2
1.0,1.0,86.0,2.0,52.0,-1.0,True,0,0,1,2022-12-12,Green,False,0,0,0,1,6.0,3.4,52.87261157126839,277.9167,2
2.0,1.0,88.0,2.0,47.0,-1.0,True,0,0,0,2024-03-27,Gray,False,0,2,0,2,6.0,2.5,54.012649273455196,132.00758,0
1.0,1.0,42.0,0.0,47.0,0.0,False,0,1,0,2020-04-15,Yellow,False,1,1,0,1,14.0,3.79,27.791782123158796,90.54936,2
1.0,1.0,20.0,1.0,45.0,1.0,False,2,0,1,2023-04-10,White,False,1,1,2,1,16.0,3.85,31.71042122420704,158.23189,1
1.0,1.0,55.0,1.0,47.0,-1.0,False,0,1,0,2022-07-29,Green,False,2,0,0,1,6.0,2.94,35.20202718737299,62.24981,0
1.0,1.0,82.0,2.0,50.0,1.0,True,1,1,1,2020-08-20,Green,False,1,2,0,1,16.0,2.83,80.0,364.93799,2
1.0,2.0,121.0,0.0,67.0,0.0,False,0,0,1,2022-08-18,White,False,1,1,1,2,14.0,3.01,72.82327135953739,133.82188,1
2.0,2.0,132.0,1.0,47.0,-1.0,False,1,0,0,2024-03-12,Gray,False,1,2,2,0,6.0,1.63,131.75602697141545,164.47945,0
2.0,5.0,142.0,1.0,46.0,-1.0,True,1,1,0,2024-02-20,Green,False,2,2,0,2,6.0,1.69,141.0,299.01165,2
2.0,2.0,70.0,1.0,46.0,-1.0,False,0,0,1,2022-06-08,White,False,0,0,1,0,6.0,3.34,43.752309953773995,192.13082,2
1.0,1.0,49.0,0.0,63.0,0.0,True,1,0,1,2020-10-29,Green,False,1,2,0,1,14.0,2.53,49.824517418988705,118.94339,2
1.0,1.0,75.0,0.0,54.0,-1.0,False,1,0,1,2021-05-26,Green,False,2,0,1,1,6.0,2.42,75.48980956794166,68.22623,0
1.0,1.0,67.0,1.0,48.0,-1.0,False,2,0,1,2023-11-18,Yellow,False,1,1,1,0,6.0,1.52,105.6,236.47554,2
2.0,3.0,111.0,0.0,43.0,2.0,False,2,0,1,2022-10-28,Gray,False,1,1,2,1,46.0,2.58,179.2,258.63502,2
1.0,3.0,111.0,1.0,39.0,-1.0,False,0,0,1,2021-12-06,White,False,0,0,1,1,6.0,3.17,66.6,235.31797,2
1.0,1.0,26.0,1.0,52.0,-1.0,False,0,0,0,2022-01-05,White,False,1,1,1,0,6.0,3.35,18.671480505664398,126.47319,2
1.0,1.0,97.0,0.0,18.0,-1.0,False,1,0,1,2020-01-31,Green,False,1,1,1,2,6.0,2.11,97.20659523244032,89.34756,0
1.0,1.0,61.0,2.0,50.0,-1.0,False,1,0,0,2020-08-09,Yellow,False,1,2,2,0,6.0,3.71,59.0,117.13648,0
1.0,2.0,139.0,2.0,37.0,-1.0,False,1,1,1,2022-05-24,Gray,False,2,2,1,0,6.0,2.45,140.0,449.08449,2
2.0,3.0,102.0,0.0,24.0,-1.0,False,1,0,1,2023-06-24,White,False,2,0,1,1,6.0,3.12,102.1422283380082,135.0304,1
2.0,2.0,95.0,1.0,38.0,-1.0,True,2,0,0,2024-01-19,White,False,1,2,2,0,6.0,1.88,152.05403797552927,167.73093,0
1.0,1.0,97.0,1.0,43.0,-1.0,True,0,0,1,2023-12-30,White,False,1,1,1,1,6.0,3.4,59.14281893329579,129.50189,0
1.0,1.0,58.0,2.0,35.0,-1.0,False,2,0,1,2023-11-29,Gray,False,0,0,1,2,6.0,1.45,92.6845203782103,316.54506,2
1.0,1.0,41.0,1.0,70.0,-1.0,True,0,0,1,2023-08-20,White,False,2,0,1,1,6.0,3.15,27.2217632720654,173.23775,2
2.0,1.0,71.0,1.0,13.0,-1.0,True,0,1,0,2023-12-02,Gray,False,0,1,1,1,6.0,2.85,44.3223288048674,146.63691,1
3.0,1.0,116.0,1.0,2.0,-1.0,True,2,1,1,2024-01-27,Gray,False,1,0,0,2,6.0,2.59,184.0,229.05636,0
2.0,2.0,90.0,2.0,20.0,-1.0,False,2,1,1,2023-07-14,Green,False,1,0,1,2,6.0,2.72,145.6,432.61927,2
1.0,2.0,98.0,2.0,47.0,-1.0,False,1,0,0,2020-03-27,Green,False,0,2,2,1,6.0,3.39,98.1937218535539,221.86337,1
1.0,1.0,59.0,1.0,57.0,1.0,False,1,0,0,2022-06-30,Yellow,False,1,1,1,0,16.0,4.2,59.69578363012446,101.6956,0
1.0,1.0,76.0,0.0,44.0,1.0,False,2,0,1,2022-10-07,Yellow,False,2,1,1,1,16.0,4.14,123.2,111.35587,0
2.0,2.0,116.0,0.0,33.0,1.0,False,2,0,1,2022-01-30,Green,False,1,2,1,2,16.0,2.77,185.6,182.82843,1
2.0,1.0,144.0,0.0,25.0,-1.0,False,1,0,0,2020-01-17,White,False,2,1,1,1,6.0,3.48,143.60154642477835,100.83972,0
1.0,2.0,65.0,2.0,15.0,0.0,True,1,0,1,2024-03-16,Gray,False,0,2,1,1,14.0,3.0,65.0,207.32179,0
1.0,1.0,33.0,2.0,16.0,-1.0,True,0,0,1,2024-02-06,Yellow,False,0,2,1,2,6.0,2.92,22.6616124633182,173.001,1
1.0,4.0,145.0,2.0,3.0,-1.0,False,1,0,1,2023-12-18,Yellow,False,2,1,1,1,6.0,2.56,145.0,486.07042,2
1.0,1.0,49.0,0.0,47.0,-1.0,False,0,0,1,2020-11-25,White,False,1,1,2,1,6.0,1.31,29.4,42.95066,0
3.0,4.0,148.0,1.0,14.0,-1.0,False,1,0,1,2020-12-02,Gray,False,1,1,1,1,6.0,1.5,147.55005290923265,275.77505,1
2.0,2.0,122.0,0.0,45.0,1.0,True,2,0,1,2023-01-08,Green,False,1,0,0,0,16.0,2.38,195.37774000600527,172.52638,1
2.0,2.0,119.0,1.0,42.0,1.0,False,0,0,0,2021-01-28,Green,False,2,1,2,1,16.0,2.21,71.68323365735058,156.40266,0
1.0,1.0,39.0,2.0,64.0,-1.0,True,2,1,0,2022-05-17,Green,False,1,1,1,1,6.0,1.66,60.8,232.50046,2
2.0,3.0,109.0,1.0,38.0,-1.0,False,1,0,1,2023-03-29,Green,False,2,1,0,1,6.0,2.3,108.0,176.28976,0
4.0,4.0,133.0,0.0,65.0,1.0,False,2,0,1,2021-08-30,Gray,False,1,2,1,1,16.0,3.06,212.8,197.74485,1
3.0,2.0,125.0,2.0,47.0,2.0,False,2,0,1,2020-04-04,White,False,1,0,2,1,46.0,2.58,200.19148467605814,417.38406,0
1.0,1.0,57.0,1.0,47.0,1.0,False,2,0,0,2021-08-26,Gray,False,1,1,2,0,16.0,2.75,91.079938821526,152.4031,1
1.0,1.0,66.0,1.0,47.0,1.0,False,0,0,0,2021-02-11,Yellow,False,1,1,1,1,16.0,2.57,39.6,95.72486,0
3.0,1.0,109.0,0.0,56.0,-1.0,False,0,0,0,2021-05-09,Gray,False,1,2,0,1,6.0,2.0,65.9830451464166,67.77262,0
2.0,1.0,80.0,2.0,43.0,-1.0,False,0,1,1,2022-03-09,Gray,False,2,0,1,1,6.0,1.75,49.45249846470799,316.28369,2
1.0,5.0,148.0,0.0,26.0,0.0,False,0,1,1,2023-11-24,White,False,2,1,0,2,14.0,2.81,88.21378033905918,176.04793,1
2.0,4.0,134.0,1.0,35.0,1.0,False,2,1,1,2023-04-30,Green,False,1,2,1,1,16.0,1.97,214.6327186862168,413.91325,2
1.0,1.0,46.0,1.0,47.0,-1.0,True,1,0,1,2022-02-18,Yellow,False,2,2,1,1,6.0,4.54,45.0,131.35081,1
1.0,1.0,36.0,2.0,59.0,1.0,False,1,1,1,2020-06-19,Gray,False,0,1,1,1,16.0,4.26,36.99187134451223,210.18379,1
1.0,1.0,89.0,2.0,47.0,0.0,False,1,0,1,2023-07-04,Green,False,1,0,2,1,14.0,2.37,89.30958226353171,369.94703,2
2.0,2.0,69.0,1.0,36.0,-1.0,True,0,0,1,2023-03-12,Yellow,False,1,1,1,1,6.0,1.3,41.4,109.66716,0
1.0,1.0,66.0,1.0,62.0,-1.0,True,2,1,1,2024-01-03,White,False,0,2,2,2,6.0,3.89,107.2,157.02726,0
1.0,1.0,35.0,2.0,52.0,-1.0,False,0,0,1,2021-06-06,Yellow,False,1,1,1,1,6.0,2.52,20.4,85.22168,0
2.0,5.0,144.0,2.0,43.0,-1.0,False,0,1,0,2021-03-10,Gray,False,2,1,0,2,6.0,1.44,85.93370493468558,290.83335,1
3.0,3.0,112.0,2.0,40.0,2.0,False,0,1,1,2022-06-16,White,False,2,1,1,0,46.0,1.85,68.4,381.84218,0
2.0,1.0,110.0,0.0,36.0,-1.0,False,1,0,0,2020-10-27,White,False,2,2,0,0,6.0,3.6,111.0,105.38268,1
1.0,1.0,59.0,2.0,33.0,-1.0,False,0,0,1,2022-07-17,Gray,False,2,1,1,1,6.0,2.07,37.482102591746596,134.87541,0
1.0,1.0,31.0,2.0,69.0,1.0,False,0,1,1,2020-12-15,Gray,False,2,2,1,1,16.0,3.02,21.521574761131397,215.26759,1
1.0,2.0,106.0,1.0,25.0,-1.0,False,1,1,0,2020-02-23,Gray,False,2,1,0,0,6.0,2.45,106.0,215.97648,2
1.0,1.0,27.0,2.0,50.0,1.0,False,2,1,1,2024-03-12,Gray,False,1,2,0,2,16.0,2.73,46.4,329.06989,2
1.0,1.0,50.0,1.0,20.0,-1.0,False,0,0,1,2021-01-03,Gray,False,2,1,1,2,6.0,2.65,32.35193293190599,192.68739,2
1.0,1.0,45.0,1.0,42.0,-1.0,False,1,0,0,2023-08-22,White,False,2,1,0,1,6.0,2.15,44.0,73.01597,0
1.0,1.0,40.0,1.0,59.0,-1.0,False,0,1,1,2023-10-29,Yellow,False,1,1,2,1,6.0,4.68,24.0,85.6927,0
1.0,1.0,54.0,1.0,46.0,-1.0,False,2,1,1,2022-07-03,Green,False,2,1,1,2,6.0,2.2,86.4,240.31304,2
1.0,3.0,120.0,1.0,36.0,-1.0,True,1,0,0,2021-05-01,Gray,False,0,2,1,1,6.0,3.26,119.91050751805255,189.09294,1
2.0,2.0,60.0,0.0,47.0,-1.0,False,1,0,0,2020-05-08,Gray,False,1,1,1,1,6.0,2.24,60.682910251238035,48.49086,0
2.0,2.0,81.0,2.0,47.0,-1.0,True,1,1,1,2021-06-24,White,False,2,1,1,0,6.0,3.05,82.0,326.95781,2
1.0,1.0,56.0,2.0,42.0,-1.0,False,0,0,1,2023-01-11,Green,False,1,1,2,0,6.0,3.31,35.7720460384664,268.41264,2
1.0,1.0,46.0,1.0,48.0,-1.0,False,1,1,1,2022-08-19,Yellow,False,2,1,0,2,6.0,1.56,46.0,207.05593,2
1.0,3.0,116.0,1.0,39.0,-1.0,False,2,1,0,2022-01-28,Gray,False,2,2,1,0,6.0,1.36,185.75025066589947,194.77499,0
1.0,1.0,52.0,0.0,63.0,-1.0,False,0,1,1,2021-11-02,Green,False,1,0,1,1,6.0,1.71,33.491970634092795,48.71951,0
1.0,1.0,58.0,2.0,47.0,-1.0,False,2,0,1,2020-11-02,Yellow,False,1,2,1,2,6.0,4.37,92.8,302.38519,2
2.0,1.0,78.0,2.0,47.0,0.0,False,2,1,0,2023-03-13,Gray,False,2,2,2,1,14.0,1.41,124.8,231.679,0
1.0,1.0,44.0,1.0,39.0,1.0,True,2,1,1,2020-02-20,Green,False,2,0,2,0,16.0,1.52,70.22037858463015,182.52735,1
1.0,1.0,50.0,2.0,51.0,-1.0,False,1,0,1,2020-01-28,Yellow,False,2,0,0,1,6.0,4.15,50.81164404010228,175.91141,1
1.0,1.0,21.0,2.0,58.0,-1.0,False,1,0,1,2023-07-08,Yellow,False,2,1,1,0,6.0,4.71,22.0,227.44803,2
2.0,1.0,103.0,1.0,54.0,-1.0,False,2,0,1,2020-08-22,White,False,1,0,0,1,6.0,3.83,163.2,217.5162,1
2.0,2.0,105.0,1.0,64.0,-1.0,True,1,0,1,2022-03-21,White,False,1,1,2,2,6.0,3.32,104.0,166.85527,0
2.0,2.0,124.0,1.0,59.0,-1.0,False,0,0,1,2021-02-27,Yellow,False,2,2,2,1,6.0,4.42,74.4,164.2854,0
2.0,1.0,86.0,2.0,55.0,0.0,True,0,0,1,2021-07-01,Yellow,False,1,1,1,1,14.0,1.25,52.2,256.16868,1
1.0,2.0,122.0,1.0,62.0,1.0,False,0,0,1,2021-12-21,Yellow,False,1,1,1,2,16.0,3.7,73.2,177.93653,0
1.0,1.0,29.0,0.0,31.0,-1.0,False,2,0,0,2021-08-07,Yellow,False,1,1,1,2,6.0,2.58,44.8,41.50118,0
1.0,1.0,43.0,1.0,63.0,-1.0,True,1,1,1,2021-01-27,Gray,False,1,2,2,2,6.0,1.23,43.90175769230725,152.01113,1
2.0,2.0,72.0,2.0,68.0,2.0,False,2,1,1,2021-08-03,White,False,1,1,1,0,46.0,3.48,115.2,416.7227,1
1.0,1.0,53.0,1.0,47.0,-1.0,False,0,1,1,2020-03-30,Gray,False,1,1,1,0,6.0,2.08,32.4,124.47299,1
1.0,1.0,67.0,1.0,57.0,-1.0,False,1,0,0,2022-04-20,Green,False,1,1,2,1,6.0,3.22,67.59279659903306,179.48507,2
5.0,1.0,145.0,1.0,47.0,1.0,False,2,0,1,2023-06-07,Gray,False,0,0,1,1,16.0,2.61,232.0,338.96564,1
1.0,2.0,145.0,0.0,24.0,2.0,True,2,0,1,2023-11-21,White,False,2,0,1,0,46.0,3.62,230.4,285.70427,2
2.0,3.0,117.0,0.0,54.0,-1.0,False,1,1,1,2020-07-03,Yellow,False,2,2,1,1,6.0,1.9,117.0,114.88477,0
4.0,2.0,129.0,2.0,64.0,-1.0,False,0,0,1,2024-01-02,Green,False,1,0,0,0,6.0,1.7,77.38342216828458,366.06377,2
1.0,1.0,30.0,0.0,3.0,-1.0,False,2,0,1,2022-01-18,Gray,False,2,1,1,2,6.0,2.94,49.6,61.28632,0
3.0,1.0,134.0,0.0,49.0,-1.0,False,1,0,1,2023-08-05,Gray,False,0,0,1,1,6.0,3.1,134.0,113.12582,0
1.0,1.0,20.0,1.0,42.0,1.0,False,2,1,0,2023-04-07,Gray,False,0,0,2,1,16.0,1.12,31.71042122420704,173.62971,2
2.0,3.0,115.0,1.0,71.0,-1.0,True,0,1,1,2020-05-06,White,False,2,1,1,1,6.0,2.95,69.403158252977,204.20415,1
5.0,1.0,147.0,1.0,27.0,1.0,False,1,0,1,2022-01-14,White,False,0,0,1,0,16.0,1.3,146.0,336.6885,2
5.0,1.0,144.0,2.0,47.0,-1.0,False,0,0,1,2020-02-09,Green,False,1,1,0,1,6.0,2.53,87.0,286.85049,1
1.0,1.0,24.0,1.0,36.0,-1.0,False,1,1,1,2020-12-24,Green,False,0,1,2,2,6.0,2.55,25.146351891149322,175.9338,2
3.0,3.0,125.0,0.0,52.0,-1.0,False,1,0,1,2024-02-17,Green,False,0,2,1,2,6.0,2.75,124.84614062362043,188.81029,2
1.0,1.0,59.0,1.0,50.0,-1.0,False,0,1,0,2022-09-26,White,False,2,0,1,1,6.0,2.23,37.2,174.77886,2
1.0,1.0,41.0,0.0,47.0,1.0,False,1,0,1,2020-12-17,Green,False,1,1,1,1,16.0,1.71,42.0,118.883,2
2.0,2.0,70.0,1.0,51.0,-1.0,False,0,1,1,2023-12-20,Yellow,False,1,0,0,2,6.0,3.31,43.752309953773995,168.68387,1
2.0,3.0,101.0,0.0,34.0,1.0,False,2,1,0,2020-02-11,Green,False,1,1,2,1,16.0,2.68,161.68152731563504,165.18466,2
1.0,1.0,96.0,1.0,47.0,-1.0,False,2,1,1,2022-12-05,Yellow,False,0,1,1,2,6.0,2.09,155.2,181.90686,0
2.0,3.0,117.0,2.0,41.0,-1.0,False,1,0,1,2022-04-08,Gray,False,1,1,2,1,6.0,1.02,116.0,260.6362,0
2.0,3.0,120.0,2.0,34.0,-1.0,False,0,0,1,2023-07-16,Green,False,1,0,1,2,6.0,3.0,72.0,378.64103,2
2.0,2.0,120.0,2.0,40.0,-1.0,False,0,0,1,2023-12-21,Green,False,2,0,1,0,6.0,2.37,71.4,213.97397,0
1.0,2.0,70.0,1.0,47.0,-1.0,True,1,0,1,2020-12-03,Gray,False,1,1,0,2,6.0,1.65,69.0,201.0415,2
1.0,1.0,47.0,1.0,36.0,-1.0,False,2,1,0,2020-02-08,Green,False,1,1,2,1,6.0,2.38,75.03412325468304,137.29978,1
1.0,1.0,104.0,1.0,47.0,1.0,True,0,0,1,2021-09-21,Green,False,0,1,1,1,16.0,2.03,63.13295089094959,141.41593,0
1.0,2.0,80.0,2.0,57.0,-1.0,False,1,1,1,2023-06-04,Green,False,1,1,1,2,6.0,3.03,80.42544267350954,353.83271,2
1.0,1.0,25.0,2.0,71.0,-1.0,False,1,1,0,2023-08-31,Yellow,False,0,1,0,1,6.0,2.85,26.133478512262897,189.49891,2
1.0,1.0,35.0,2.0,52.0,2.0,False,1,1,1,2022-12-02,White,False,1,1,2,2,46.0,2.73,36.00474472339865,425.90971,2
1.0,1.0,59.0,2.0,69.0,-1.0,False,1,0,1,2023-10-13,Gray,False,1,1,1,1,6.0,1.04,57.0,206.81693,1
1.0,1.0,26.0,2.0,50.0,-1.0,False,0,0,0,2024-03-10,White,False,0,2,1,1,6.0,2.52,15.6,66.73551,0
1.0,1.0,42.0,2.0,37.0,-1.0,False,0,0,0,2023-11-28,White,False,2,1,1,1,6.0,3.54,25.8,160.08991,1
1.0,1.0,54.0,1.0,53.0,-1.0,False,0,1,1,2021-07-31,White,False,0,2,0,1,6.0,1.38,34.6320083362796,135.81925,1
5.0,4.0,140.0,0.0,18.0,1.0,False,0,1,1,2021-07-08,Gray,False,1,2,1,2,16.0,2.36,84.6,179.91249,1
3.0,2.0,120.0,2.0,67.0,-1.0,False,2,0,0,2023-07-15,Gray,False,1,1,1,2,6.0,1.54,192.16857689263668,395.16137,2
1.0,1.0,102.0,2.0,47.0,2.0,False,2,1,0,2024-03-13,Green,False,1,2,1,2,46.0,3.39,161.6,367.64759,0
1.0,1.0,73.0,0.0,69.0,-1.0,False,1,0,0,2022-01-09,Gray,False,1,1,0,2,6.0,1.09,73.51555632571451,80.46997,1
2.0,1.0,132.0,0.0,27.0,-1.0,True,2,1,1,2021-08-13,Yellow,False,1,2,1,1,6.0,1.98,211.42355557284822,212.69941,2
3.0,2.0,128.0,0.0,29.0,-1.0,False,0,0,0,2022-10-01,Green,False,2,2,1,2,6.0,2.02,76.8,91.6218,0
2.0,3.0,123.0,0.0,38.0,-1.0,False,0,1,1,2022-06-22,Yellow,False,2,2,2,1,6.0,1.2,73.96330906172419,114.44502,0
1.0,1.0,41.0,0.0,53.0,-1.0,True,2,1,1,2024-02-28,White,False,0,2,1,0,6.0,2.96,65.40663391457726,59.27714,0
1.0,1.0,45.0,1.0,47.0,-1.0,True,2,1,1,2022-10-05,Gray,False,2,1,1,2,6.0,1.87,71.82496014131445,177.63342,1
1.0,2.0,87.0,0.0,61.0,1.0,False,0,1,0,2023-06-23,Gray,False,2,2,2,0,16.0,1.46,53.442630422361795,138.39895,2
1.0,1.0,40.0,1.0,47.0,0.0,False,0,0,1,2022-07-23,Gray,False,1,1,1,1,14.0,2.82,26.651744420971998,185.83721,2
1.0,1.0,74.0,2.0,36.0,-1.0,False,1,0,1,2023-12-08,Gray,False,0,2,0,0,6.0,4.66,74.50268294682809,304.53114,2
1.0,1.0,75.0,2.0,47.0,1.0,False,2,1,1,2023-03-19,Yellow,False,1,2,1,2,16.0,2.11,118.4,345.47573,1
2.0,2.0,80.0,0.0,52.0,-1.0,False,2,0,0,2024-03-05,Yellow,False,1,1,1,2,6.0,4.14,127.9853146252648,86.32978,0
1.0,1.0,58.0,1.0,47.0,-1.0,False,2,0,1,2021-03-20,Yellow,False,1,1,2,1,6.0,1.93,94.4,211.80228,2
2.0,2.0,94.0,1.0,67.0,1.0,False,1,1,1,2022-06-13,Green,False,2,1,2,0,16.0,3.42,94.2452153690996,243.03653,1
2.0,2.0,138.0,0.0,52.0,-1.0,False,0,1,0,2020-08-13,Gray,False,0,0,1,0,6.0,2.47,82.2,126.06172,2
3.0,1.0,119.0,1.0,70.0,-1.0,False,2,0,1,2021-03-27,White,False,1,0,1,0,6.0,1.64,190.56399533595237,244.05737,1
1.0,1.0,100.0,1.0,48.0,-1.0,False,1,0,1,2023-11-18,Green,False,1,1,1,2,6.0,3.36,100.16797509578105,266.35565,2
1.0,1.0,99.0,1.0,53.0,1.0,False,1,0,0,2022-03-23,White,False,2,1,0,1,16.0,1.47,99.18084847466747,229.69162,2
3.0,3.0,133.0,2.0,52.0,-1.0,False,2,0,1,2021-08-22,Yellow,False,0,2,1,2,6.0,4.74,216.0,352.56597,0
2.0,1.0,133.0,1.0,50.0,-1.0,False,1,0,0,2022-02-25,Gray,False,0,1,2,1,6.0,1.01,132.74315359252904,198.63211,1
2.0,2.0,77.0,2.0,29.0,1.0,False,1,0,0,2023-02-17,White,False,2,1,2,1,16.0,1.74,77.46406281016881,270.93512,1
1.0,2.0,83.0,0.0,68.0,-1.0,True,1,0,0,2020-03-15,Gray,False,0,0,2,1,6.0,2.62,83.0,56.91172,0
1.0,1.0,25.0,2.0,39.0,-1.0,True,1,0,0,2023-07-17,Yellow,False,2,0,2,2,6.0,2.8,24.0,212.14669,2
2.0,2.0,76.0,2.0,47.0,-1.0,False,0,1,1,2022-01-26,Gray,False,2,1,1,1,6.0,1.85,46.2,163.32306,0
1.0,1.0,57.0,2.0,35.0,1.0,True,0,0,1,2022-12-31,Gray,False,1,2,1,1,16.0,1.52,34.8,176.95282,0
1.0,1.0,55.0,0.0,29.0,-1.0,False,2,1,0,2023-11-28,Yellow,False,1,2,1,0,6.0,3.95,86.4,94.23314,1
3.0,2.0,111.0,0.0,2.0,0.0,False,2,1,1,2020-09-08,Gray,False,1,0,1,2,14.0,2.87,177.727342882478,177.11033,1
3.0,1.0,108.0,0.0,65.0,-1.0,False,0,1,0,2024-03-28,White,False,1,1,2,0,6.0,3.0,65.41302629532319,77.5376,0
1.0,1.0,57.0,1.0,35.0,-1.0,False,1,0,1,2023-09-12,White,False,1,1,2,1,6.0,3.25,58.0,111.69816,0
2.0,1.0,70.0,2.0,1.0,-1.0,False,0,0,1,2023-06-15,White,False,1,1,0,2,6.0,3.23,43.752309953773995,237.67733,1
2.0,2.0,89.0,,62.0,-1.0,True,2,1,1,2020-10-15,White,False,2,2,1,1,6.0,1.72,142.42654863542347,399.92552,2
1.0,1.0,68.0,2.0,47.0,2.0,True,0,0,1,2023-08-07,Yellow,False,2,2,2,0,46.0,1.79,40.8,440.77934,2
4.0,1.0,136.0,2.0,25.0,1.0,True,0,0,0,2021-01-23,Yellow,False,2,1,1,1,16.0,2.12,81.37355412593838,356.37917,2
1.0,1.0,36.0,2.0,60.0,1.0,True,0,0,1,2022-09-21,White,False,0,1,2,2,16.0,3.1,21.6,137.6421,0
1.0,1.0,31.0,2.0,45.0,-1.0,False,2,0,1,2023-02-03,Green,False,2,1,1,1,6.0,2.94,49.6,194.63095,1
1.0,5.0,137.0,1.0,48.0,-1.0,False,0,0,1,2022-10-09,Gray,False,0,1,1,2,6.0,3.15,81.6,228.76437,1
1.0,1.0,105.0,0.0,52.0,0.0,False,1,0,1,2020-09-20,Gray,False,2,0,1,1,14.0,1.19,106.0,129.33894,1
2.0,2.0,76.0,2.0,63.0,-1.0,True,2,1,1,2023-03-21,Yellow,False,0,1,1,1,6.0,2.16,120.0,220.56655,0
2.0,2.0,81.0,2.0,24.0,-1.0,False,2,0,1,2022-12-09,Green,False,0,1,2,0,6.0,1.57,129.6,378.74259,2
2.0,2.0,82.0,1.0,57.0,1.0,False,2,1,1,2020-03-15,White,False,1,0,2,2,16.0,3.31,131.1944777386334,245.72987,1
1.0,1.0,95.0,0.0,39.0,-1.0,False,1,0,0,2020-12-27,Yellow,False,2,1,1,2,6.0,2.38,94.0,76.53019,0
1.0,1.0,38.0,1.0,51.0,-1.0,True,2,0,0,2023-12-12,Gray,False,0,1,2,1,6.0,2.42,60.59288924452437,167.95248,2
1.0,2.0,105.0,1.0,46.0,-1.0,False,0,1,0,2021-04-07,White,False,1,1,2,0,6.0,1.36,63.0,200.93416,2
2.0,2.0,87.0,1.0,46.0,-1.0,False,2,0,0,2021-08-10,Yellow,False,0,1,1,0,6.0,4.2,136.0,213.13728,2
1.0,1.0,23.0,0.0,46.0,1.0,False,2,0,1,2022-08-03,Yellow,False,2,1,2,2,16.0,2.97,36.52416589425993,68.85509,0
2.0,1.0,128.0,0.0,32.0,-1.0,True,0,1,0,2023-05-25,White,False,2,2,0,0,6.0,3.65,76.81340331719119,113.59548,1
3.0,2.0,116.0,0.0,17.0,1.0,False,0,0,1,2022-08-22,White,False,0,1,1,0,16.0,3.47,69.6,170.72355,2
1.0,1.0,118.0,2.0,56.0,0.0,False,0,1,1,2021-01-19,Green,False,2,1,1,0,14.0,1.92,71.11321480625719,228.78711,0
3.0,3.0,111.0,0.0,58.0,2.0,False,0,0,1,2021-11-28,Yellow,False,0,1,1,2,46.0,1.65,66.6,150.25164,0
3.0,2.0,129.0,2.0,47.0,1.0,False,2,0,1,2022-01-23,Gray,False,1,1,2,1,16.0,2.05,206.60981090279535,441.43649,1
2.0,2.0,76.0,0.0,16.0,-1.0,False,0,1,1,2022-12-14,Gray,False,1,1,0,1,6.0,1.84,47.172423060334395,106.83063,1
3.0,1.0,100.0,2.0,51.0,-1.0,True,0,0,1,2020-10-08,Yellow,False,1,2,0,0,6.0,3.65,61.2,241.55006,1
1.0,1.0,25.0,2.0,59.0,-1.0,False,2,0,1,2022-04-03,Yellow,False,2,1,1,2,6.0,2.71,39.73332900762852,180.73478,1
2.0,2.0,94.0,2.0,57.0,-1.0,False,1,1,1,2021-06-11,Green,False,0,1,2,1,6.0,1.8,93.0,285.25334,1
1.0,1.0,45.0,2.0,53.0,-1.0,False,1,0,1,2023-04-22,Green,False,2,1,0,0,6.0,2.97,46.0,111.84633,0
3.0,2.0,113.0,1.0,19.0,-1.0,False,0,1,0,2023-09-13,Green,False,1,1,1,2,6.0,3.42,67.2,149.87726,0
2.0,1.0,69.0,1.0,37.0,2.0,False,0,0,0,2022-08-07,Yellow,False,0,1,1,1,46.0,2.69,43.182291102680594,167.58911,0
1.0,1.0,55.0,1.0,62.0,-1.0,False,1,0,0,2021-09-13,Green,False,2,2,1,1,6.0,2.62,55.747277145670154,168.8283,2
2.0,1.0,112.0,0.0,24.0,-1.0,False,2,1,0,2024-03-27,Yellow,False,1,1,1,2,6.0,2.16,179.3319244391623,171.46803,2
3.0,1.0,112.0,1.0,23.0,-1.0,False,0,0,1,2021-08-21,White,False,0,0,2,2,6.0,2.31,66.0,248.17958,2
1.0,1.0,50.0,0.0,71.0,-1.0,False,0,0,1,2023-07-20,Gray,False,0,1,0,2,6.0,2.76,30.6,73.09508,1
2.0,2.0,87.0,1.0,23.0,-1.0,False,2,0,1,2021-03-25,White,False,2,1,0,1,6.0,3.22,139.21738552205488,217.45449,1
2.0,2.0,62.0,2.0,40.0,1.0,False,2,0,1,2023-10-11,White,False,1,0,0,0,16.0,2.49,99.2,215.92375,0
1.0,1.0,49.0,0.0,47.0,1.0,False,1,1,1,2023-09-06,Yellow,False,2,2,0,1,16.0,3.6,50.0,148.58622,2
1.0,1.0,66.0,0.0,47.0,-1.0,False,0,0,1,2021-03-25,White,False,0,2,1,1,6.0,3.63,41.4722345494004,108.4708,2
2.0,2.0,89.0,1.0,60.0,-1.0,False,2,0,1,2023-12-08,Green,False,2,1,1,2,6.0,2.11,142.4,296.13536,2
2.0,2.0,111.0,2.0,58.0,-1.0,False,0,1,1,2022-03-21,Green,False,1,2,1,1,6.0,2.83,67.2,299.62257,1
2.0,2.0,128.0,0.0,38.0,0.0,False,2,0,0,2023-09-03,White,False,1,1,1,2,14.0,2.66,205.00522934611104,137.88959,0
2.0,2.0,144.0,1.0,49.0,-1.0,False,1,0,0,2022-08-26,Green,False,2,2,1,2,6.0,1.73,143.60154642477835,238.1056,1
2.0,3.0,149.0,0.0,27.0,1.0,True,0,0,1,2020-01-19,Gray,False,1,2,2,0,16.0,3.06,88.8,126.39993,0
2.0,2.0,90.0,0.0,33.0,-1.0,True,1,1,1,2021-05-23,Yellow,False,0,2,1,2,6.0,3.55,91.0,158.05775,2
2.0,2.0,128.0,2.0,47.0,1.0,True,0,0,1,2021-12-01,Yellow,False,2,1,2,2,16.0,1.61,76.8,414.28911,2
1.0,3.0,133.0,0.0,49.0,0.0,False,0,1,1,2024-02-10,Yellow,False,0,2,1,2,14.0,4.26,78.0,156.55056,1
1.0,1.0,81.0,2.0,55.0,2.0,False,2,1,0,2020-05-02,Gray,False,2,2,2,1,46.0,1.58,129.6,427.8054,2
1.0,1.0,44.0,0.0,42.0,1.0,False,0,1,1,2020-07-26,Yellow,False,2,1,0,1,16.0,2.18,27.0,66.78342,0
1.0,1.0,87.0,1.0,69.0,1.0,True,1,1,0,2020-11-24,White,False,2,0,2,1,16.0,3.8,87.0,222.32066,2
1.0,1.0,43.0,1.0,45.0,1.0,False,1,0,0,2021-06-08,Gray,False,2,2,2,1,16.0,2.92,43.0,147.2703,1
1.0,1.0,40.0,0.0,40.0,1.0,True,2,1,1,2022-08-09,White,False,1,2,2,0,16.0,2.68,60.8,83.36476,0
3.0,2.0,101.0,2.0,47.0,-1.0,True,0,0,1,2021-10-28,Gray,False,1,1,1,2,6.0,2.42,61.2,186.01169,0
1.0,2.0,98.0,2.0,57.0,0.0,False,1,0,1,2023-03-08,White,False,2,2,1,2,14.0,2.55,98.1937218535539,408.79793,2
1.0,1.0,25.0,1.0,42.0,-1.0,False,2,0,1,2024-03-29,Green,False,1,1,2,2,6.0,2.38,41.6,142.08871,1
2.0,2.0,81.0,2.0,16.0,0.0,True,0,0,1,2022-10-26,Green,False,0,1,1,1,14.0,3.1,50.022517315801394,273.90897,1
1.0,1.0,30.0,2.0,59.0,-1.0,False,0,1,0,2022-01-30,Gray,False,1,1,2,2,6.0,2.06,20.951555910038,93.03821,0
4.0,5.0,143.0,1.0,43.0,-1.0,True,2,0,1,2020-11-26,White,False,1,1,2,1,6.0,3.42,229.07395269637547,374.25012,2
2.0,4.0,130.0,0.0,60.0,1.0,False,2,1,1,2023-06-19,White,False,0,1,0,0,16.0,3.73,208.21439245947963,227.95583,2
1.0,2.0,70.0,1.0,48.0,0.0,True,2,0,0,2023-10-24,Green,False,1,2,0,1,14.0,2.2,110.4,183.28112,1
1.0,2.0,60.0,0.0,64.0,2.0,False,2,0,1,2023-02-17,Yellow,False,1,2,0,2,46.0,3.6,97.6,204.95697,2
3.0,3.0,139.0,0.0,51.0,-1.0,False,0,0,1,2022-04-08,White,False,2,1,1,1,6.0,3.57,83.08361067921858,171.29398,2
1.0,1.0,35.0,1.0,53.0,0.0,True,2,1,1,2023-11-16,Yellow,False,2,1,0,1,14.0,1.37,55.77914457447149,171.5354,1
1.0,2.0,69.0,0.0,50.0,-1.0,False,0,0,1,2022-09-19,Green,False,2,1,1,0,6.0,3.07,41.4,91.34446,1
1.0,1.0,56.0,0.0,58.0,-1.0,False,2,1,1,2020-08-05,Gray,False,2,1,1,1,6.0,2.47,88.0,73.86767,0
2.0,2.0,103.0,0.0,47.0,1.0,False,2,0,0,2022-02-12,Green,False,1,1,1,2,16.0,1.87,164.89069042900363,135.91764,1
4.0,3.0,146.0,2.0,40.0,-1.0,False,0,1,1,2022-05-03,White,False,0,1,0,2,6.0,3.89,87.07374263687238,420.10433,2
2.0,2.0,88.0,0.0,41.0,-1.0,False,1,0,0,2024-02-17,Gray,False,2,1,2,0,6.0,2.86,88.0,105.10886,1
1.0,1.0,29.0,1.0,43.0,0.0,False,1,0,1,2020-11-06,Green,False,1,1,2,2,14.0,3.28,29.0,145.48298,1
1.0,1.0,120.0,0.0,31.0,1.0,False,2,1,0,2021-11-29,Gray,False,1,0,2,0,16.0,1.35,192.16857689263668,152.20193,1
2.0,1.0,81.0,1.0,39.0,1.0,False,2,0,1,2020-06-04,Yellow,False,1,1,1,2,16.0,3.02,129.6,186.62679,0
1.0,1.0,38.0,,50.0,1.0,True,2,1,1,2020-02-08,Gray,False,2,1,2,2,16.0,3.69,60.59288924452437,187.1429,1
1.0,3.0,99.0,0.0,57.0,-1.0,True,0,0,0,2020-12-06,Gray,False,2,2,1,0,6.0,1.37,60.0,90.71279,1
1.0,1.0,26.0,2.0,36.0,0.0,False,1,0,0,2020-09-16,Yellow,False,0,1,1,1,14.0,3.85,27.120605133376472,89.84735,0
1.0,1.0,32.0,1.0,43.0,1.0,False,2,0,0,2023-09-16,Green,False,1,1,0,0,16.0,3.13,52.8,131.3601,1
1.0,2.0,67.0,0.0,30.0,-1.0,False,1,0,1,2020-05-13,White,False,1,2,1,1,6.0,2.69,68.0,101.43005,1
2.0,2.0,92.0,1.0,33.0,-1.0,False,2,0,1,2021-08-25,White,False,1,0,1,1,6.0,1.88,148.8,277.38795,2
1.0,1.0,23.0,0.0,49.0,-1.0,False,2,1,0,2023-10-01,Yellow,False,1,2,0,0,6.0,4.41,36.52416589425993,92.13565,2
2.0,1.0,86.0,1.0,54.0,-1.0,False,1,0,0,2021-07-04,Gray,False,1,2,2,1,6.0,3.07,87.0,161.41243,1
1.0,2.0,71.0,1.0,36.0,2.0,False,1,1,1,2024-02-22,Green,False,1,1,2,1,46.0,1.78,73.0,309.18281,1
1.0,1.0,47.0,2.0,47.0,-1.0,True,2,0,1,2023-07-05,Gray,False,2,1,2,1,6.0,2.6,75.03412325468304,226.44758,1
3.0,3.0,135.0,2.0,50.0,-1.0,False,0,0,0,2022-02-13,Yellow,False,1,0,2,0,6.0,4.82,81.6,196.23115,0
2.0,2.0,111.0,1.0,67.0,-1.0,False,2,0,1,2020-12-08,Yellow,False,1,1,1,1,6.0,3.12,177.727342882478,287.80215,2
1.0,1.0,99.0,2.0,47.0,0.0,False,2,0,1,2023-05-21,Yellow,False,0,1,1,1,14.0,2.01,158.47236420226645,276.61132,0
2.0,1.0,108.0,1.0,47.0,1.0,False,0,1,1,2023-08-18,White,False,1,0,2,2,16.0,1.52,65.41302629532319,282.30084,2
3.0,1.0,135.0,2.0,34.0,-1.0,False,1,1,0,2023-05-04,Gray,False,1,1,1,1,6.0,1.3,138.0,257.51668,0
1.0,1.0,68.0,2.0,33.0,-1.0,False,0,0,1,2021-02-07,White,False,2,0,2,2,6.0,3.34,42.61227225158719,157.13444,0
2.0,2.0,79.0,0.0,55.0,1.0,False,1,1,1,2022-10-26,Yellow,False,1,2,1,0,16.0,4.74,79.43831605239596,135.98306,1
1.0,1.0,26.0,0.0,47.0,-1.0,True,0,1,1,2023-06-07,White,False,2,0,2,1,6.0,1.87,15.0,102.9578,2
2.0,2.0,94.0,0.0,71.0,1.0,False,0,0,1,2022-03-06,Gray,False,0,1,0,2,16.0,2.13,57.43276238001559,148.14787,2
1.0,1.0,44.0,0.0,47.0,-1.0,False,0,1,1,2021-08-19,Yellow,False,2,1,0,1,6.0,3.63,26.4,73.78506,1
1.0,1.0,58.0,0.0,48.0,-1.0,False,0,1,1,2022-09-11,Yellow,False,2,2,1,2,6.0,3.2,36.912083740653195,131.92244,2
4.0,1.0,132.0,0.0,69.0,2.0,False,0,0,1,2021-01-15,Green,False,2,1,2,1,46.0,3.08,79.0934787215648,159.75682,0
1.0,3.0,117.0,2.0,43.0,-1.0,True,0,0,1,2022-08-01,Green,False,2,2,1,1,6.0,1.83,70.5431959551638,301.54461,1
1.0,1.0,97.0,1.0,59.0,1.0,False,2,0,1,2022-08-27,Green,False,2,0,1,1,16.0,2.71,155.26320108889786,209.50626,0
4.0,4.0,132.0,2.0,19.0,-1.0,False,0,1,0,2022-07-30,Gray,False,0,0,2,1,6.0,2.17,79.0934787215648,232.61816,0
1.0,1.0,21.0,0.0,59.0,-1.0,True,0,0,0,2022-03-27,White,False,1,1,2,0,6.0,3.58,12.6,24.1463,0
2.0,1.0,81.0,2.0,40.0,2.0,False,2,1,1,2020-09-04,Gray,False,0,2,1,1,46.0,1.66,129.6,437.87888,1
1.0,2.0,87.0,0.0,49.0,-1.0,False,1,1,1,2020-05-20,Gray,False,0,1,1,0,6.0,2.15,87.33532902130456,77.75157,0
1.0,3.0,119.0,2.0,23.0,-1.0,False,2,1,1,2021-11-30,Gray,False,1,1,1,1,6.0,1.54,190.4,471.76136,2
2.0,1.0,101.0,2.0,21.0,-1.0,True,0,0,1,2023-02-05,Yellow,False,1,1,2,1,6.0,3.41,61.42289433766939,204.96154,0
1.0,1.0,43.0,2.0,27.0,2.0,False,1,1,1,2022-08-10,Yellow,False,1,2,2,1,46.0,2.7,43.90175769230725,371.75419,1
1.0,1.0,48.0,1.0,60.0,1.0,False,0,0,1,2021-08-25,White,False,2,0,0,0,16.0,2.59,28.8,182.6915,2
4.0,4.0,150.0,1.0,21.0,1.0,False,0,1,1,2024-03-24,Gray,False,1,2,0,1,16.0,2.37,89.35381804124599,355.05239,2
3.0,5.0,140.0,1.0,69.0,1.0,False,2,0,0,2022-03-12,White,False,0,1,2,1,16.0,1.66,224.2602080263226,284.56,1
1.0,1.0,27.0,0.0,70.0,-1.0,False,0,1,1,2022-10-02,White,False,1,1,1,1,6.0,1.97,16.2,37.39334,0
1.0,1.0,34.0,1.0,65.0,1.0,False,0,1,1,2022-05-20,Yellow,False,0,0,1,1,16.0,1.46,21.0,140.61781,1
2.0,1.0,77.0,0.0,53.0,-1.0,True,2,0,1,2023-02-13,White,False,1,2,1,1,6.0,1.32,123.17156995521192,126.02625,1
1.0,1.0,72.0,0.0,24.0,0.0,False,2,1,1,2020-12-03,Gray,False,2,1,1,1,14.0,2.43,115.14866217179045,165.28541,2
1.0,1.0,59.0,0.0,57.0,1.0,True,2,1,1,2022-04-08,White,False,0,1,0,2,16.0,3.16,94.4,153.53216,2
1.0,1.0,105.0,1.0,51.0,-1.0,False,1,1,1,2022-06-03,Gray,False,2,2,2,2,6.0,1.17,105.0,289.51353,2
3.0,2.0,109.0,2.0,54.0,1.0,False,2,0,1,2020-09-12,Gray,False,1,1,2,2,16.0,3.06,176.0,403.71974,1
2.0,1.0,68.0,2.0,47.0,-1.0,True,2,0,1,2022-08-10,Gray,False,1,1,1,2,6.0,2.45,108.8,262.73785,1
2.0,1.0,119.0,0.0,32.0,-1.0,False,0,0,0,2023-02-28,Gray,False,2,2,2,1,6.0,2.92,70.8,84.84934,0
1.0,1.0,34.0,2.0,47.0,-1.0,False,0,0,0,2023-01-11,Green,False,2,1,1,1,6.0,3.29,19.2,192.34024,2
1.0,1.0,72.0,1.0,21.0,-1.0,False,0,0,0,2022-09-20,White,False,1,1,1,2,6.0,1.81,44.89234765596079,137.5097,1
5.0,2.0,131.0,1.0,70.0,2.0,False,1,1,1,2023-06-07,White,False,0,1,1,1,46.0,3.77,131.0,316.84415,0
1.0,1.0,57.0,0.0,19.0,-1.0,False,0,1,0,2021-05-16,Gray,False,0,1,0,1,6.0,2.07,36.34206488955979,95.61331,2
2.0,2.0,149.0,2.0,67.0,-1.0,True,0,0,0,2021-03-01,Green,False,2,1,2,1,6.0,2.62,88.8,260.34742,1
2.0,1.0,133.0,2.0,47.0,-1.0,False,1,0,1,2021-04-01,Yellow,False,1,2,1,2,6.0,3.09,133.0,273.45159,0
1.0,1.0,63.0,1.0,29.0,-1.0,False,2,1,0,2022-07-09,Yellow,False,1,1,1,2,6.0,3.21,100.70742816163178,211.86289,2
1.0,1.0,98.0,2.0,43.0,-1.0,False,1,1,1,2021-10-01,Green,False,1,1,1,2,6.0,2.83,98.1937218535539,223.03217,0
1.0,2.0,97.0,2.0,8.0,-1.0,False,1,1,1,2022-04-04,Green,False,1,1,1,1,6.0,2.62,97.0,382.24794,2
2.0,2.0,119.0,0.0,18.0,-1.0,True,1,0,1,2022-04-14,Green,False,1,1,2,0,6.0,3.24,118.0,144.72522,1
2.0,1.0,72.0,0.0,47.0,-1.0,False,1,0,1,2023-03-20,Green,False,1,1,1,2,6.0,1.89,73.0,103.08882,1
1.0,4.0,149.0,1.0,35.0,-1.0,False,1,0,1,2023-05-01,Yellow,False,1,1,1,1,6.0,1.84,147.0,223.77209,0
1.0,3.0,116.0,0.0,62.0,0.0,False,1,0,1,2021-12-21,Yellow,False,1,1,1,2,14.0,3.25,115.96200103359826,177.45739,2
2.0,2.0,74.0,2.0,26.0,-1.0,False,2,1,1,2022-09-15,Gray,False,2,1,2,0,6.0,1.51,120.0,249.54493,0
2.0,2.0,61.0,0.0,24.0,-1.0,False,1,1,0,2020-05-24,Green,False,1,1,0,2,6.0,1.93,61.0,61.58074,0
1.0,2.0,109.0,0.0,28.0,-1.0,True,0,0,1,2024-03-23,White,False,1,1,1,0,6.0,1.44,65.9830451464166,85.64588,0
2.0,1.0,125.0,2.0,47.0,0.0,False,0,1,0,2022-05-20,Green,False,1,2,1,1,14.0,2.73,74.4,330.32856,2
1.0,3.0,133.0,1.0,69.0,-1.0,False,1,0,0,2020-10-11,Yellow,False,1,2,1,1,6.0,2.03,132.74315359252904,196.39321,1
1.0,1.0,39.0,1.0,38.0,1.0,True,2,0,1,2020-05-17,Gray,False,0,2,2,1,16.0,2.43,62.197470801208674,171.49159,1
1.0,1.0,38.0,2.0,47.0,-1.0,True,2,1,1,2022-04-30,Gray,False,2,1,1,1,6.0,2.09,60.8,148.98223,0
2.0,1.0,81.0,0.0,36.0,-1.0,True,1,1,0,2020-06-29,White,False,2,0,1,2,6.0,2.4,81.0,71.56734,0
1.0,1.0,36.0,1.0,47.0,-1.0,False,1,1,1,2021-01-20,White,False,1,0,1,1,6.0,2.07,35.0,167.49053,2
2.0,2.0,114.0,0.0,54.0,2.0,True,1,1,0,2020-10-03,Gray,False,1,1,0,1,46.0,1.06,113.98774779137109,160.03556,1
1.0,1.0,28.0,2.0,52.0,0.0,True,1,0,1,2023-11-21,Green,False,2,0,0,1,14.0,2.04,29.09485837560362,112.96806,0
1.0,1.0,113.0,0.0,59.0,2.0,False,0,1,1,2021-06-25,Green,False,1,0,1,1,46.0,1.94,67.2,141.09064,0
2.0,1.0,79.0,,47.0,-1.0,False,2,0,1,2020-11-09,Yellow,False,1,1,2,2,6.0,4.48,126.38073306858053,151.77749,2
1.0,4.0,139.0,0.0,13.0,-1.0,False,1,0,1,2023-01-13,Yellow,False,1,0,2,2,6.0,3.35,139.0,166.27914,1
3.0,2.0,117.0,2.0,68.0,-1.0,False,0,0,1,2021-09-16,Green,False,1,1,1,1,6.0,3.24,70.2,351.71071,2
2.0,1.0,93.0,0.0,56.0,1.0,True,0,1,1,2020-10-26,Green,False,2,1,1,2,16.0,2.33,56.862743528922195,157.44352,2
3.0,3.0,101.0,1.0,52.0,1.0,True,0,1,0,2020-10-11,Green,False,0,1,1,1,16.0,1.9,60.0,182.81007,1
5.0,5.0,131.0,2.0,60.0,-1.0,False,2,1,0,2022-04-23,Yellow,False,0,2,2,2,6.0,3.23,209.81897401616393,450.22356,2
1.0,1.0,55.0,0.0,17.0,1.0,False,0,0,1,2023-12-24,Green,False,1,1,1,0,16.0,2.57,33.6,104.53298,1
1.0,1.0,45.0,0.0,35.0,-1.0,False,2,0,0,2022-08-15,Gray,False,1,2,2,1,6.0,2.13,71.82496014131445,108.79625,2
3.0,3.0,107.0,2.0,41.0,-1.0,True,2,1,0,2022-04-22,White,False,0,2,2,1,6.0,1.98,171.2,386.94185,2
1.0,1.0,23.0,2.0,47.0,1.0,False,0,0,0,2022-09-25,White,False,1,1,2,2,16.0,1.42,16.9614239523842,94.79546,0
1.0,1.0,60.0,2.0,64.0,-1.0,False,2,0,1,2022-04-07,Gray,False,1,1,2,2,6.0,2.58,92.8,247.80235,1
1.0,3.0,128.0,2.0,53.0,-1.0,True,2,0,1,2021-11-02,Yellow,False,1,1,0,0,6.0,2.86,205.00522934611104,305.45048,0
1.0,3.0,122.0,1.0,66.0,2.0,False,0,0,0,2021-10-28,Green,False,2,2,0,0,46.0,1.7,73.2,206.82483,0
1.0,1.0,37.0,0.0,39.0,1.0,True,0,0,1,2022-05-19,Yellow,False,1,1,1,1,16.0,2.05,22.8,59.86132,0
1.0,1.0,116.0,1.0,2.0,-1.0,False,2,0,1,2020-08-28,Yellow,False,1,1,1,1,6.0,2.91,185.75025066589947,215.8349,0
2.0,2.0,119.0,2.0,47.0,-1.0,False,1,1,0,2021-06-16,Gray,False,1,0,2,1,6.0,2.0,118.92338089693898,321.70492,2
1.0,1.0,45.0,2.0,47.0,-1.0,False,2,0,1,2021-02-12,Gray,False,1,1,1,0,6.0,2.28,71.82496014131445,179.62239,1
1.0,1.0,43.0,0.0,43.0,-1.0,False,1,0,1,2023-11-28,Gray,False,1,0,1,1,6.0,1.9,43.0,112.28702,2
1.0,1.0,41.0,0.0,51.0,-1.0,False,0,0,1,2023-08-03,Yellow,False,2,2,2,2,6.0,1.8,24.0,87.9964,1
2.0,2.0,59.0,2.0,15.0,2.0,False,2,0,1,2023-03-25,White,False,1,2,2,2,46.0,1.53,94.28910193489459,446.39115,1
2.0,5.0,149.0,0.0,48.0,-1.0,False,1,1,1,2022-12-28,Green,False,1,0,2,2,6.0,2.65,148.53717953034624,144.7133,0
1.0,1.0,38.0,0.0,42.0,0.0,False,2,0,1,2022-04-07,Yellow,False,1,1,0,0,14.0,4.26,60.8,59.6759,0
4.0,4.0,139.0,1.0,62.0,1.0,False,1,0,1,2020-01-31,Green,False,1,1,1,1,16.0,2.04,137.0,273.13105,1
2.0,1.0,88.0,0.0,23.0,-1.0,False,0,1,1,2023-10-22,White,False,1,1,0,0,6.0,1.92,51.6,140.27035,2
2.0,2.0,70.0,1.0,66.0,2.0,False,0,1,1,2022-10-11,Yellow,False,1,2,2,2,46.0,4.28,43.752309953773995,235.91967,0
2.0,2.0,73.0,2.0,49.0,-1.0,False,2,0,0,2022-01-09,Yellow,False,2,0,1,1,6.0,4.8,116.75324372847474,296.36605,2
2.0,1.0,91.0,1.0,58.0,-1.0,True,0,1,1,2022-06-03,Green,False,1,1,1,0,6.0,3.19,55.72270582673539,174.75451,1
1.0,1.0,59.0,2.0,19.0,2.0,False,2,1,0,2021-12-22,Green,False,2,2,1,2,46.0,2.53,94.28910193489459,356.92534,1
1.0,2.0,59.0,2.0,10.0,-1.0,True,0,0,1,2020-06-13,Yellow,False,1,2,2,0,6.0,1.59,36.0,282.70442,2
1.0,1.0,29.0,0.0,47.0,0.0,False,2,0,1,2021-01-15,White,False,2,2,0,1,14.0,2.94,48.0,55.09377,0
4.0,4.0,148.0,2.0,47.0,1.0,False,2,0,0,2021-01-01,Green,False,1,1,1,0,16.0,3.26,237.09686047979696,449.47079,2
1.0,1.0,95.0,0.0,35.0,1.0,False,0,1,1,2021-06-21,Green,False,1,1,2,2,16.0,2.05,58.00278123110899,131.99958,1
2.0,2.0,95.0,1.0,63.0,-1.0,False,0,1,1,2022-05-05,Green,False,2,0,2,2,6.0,3.07,58.00278123110899,251.4986,2
2.0,1.0,68.0,1.0,25.0,1.0,False,2,0,1,2022-02-27,Gray,False,1,1,2,1,16.0,2.87,108.8,179.10041,0
2.0,3.0,125.0,0.0,13.0,2.0,False,2,0,0,2020-08-25,Green,False,0,2,1,1,46.0,3.1,200.19148467605814,190.89413,1
2.0,1.0,61.0,0.0,53.0,-1.0,False,1,0,1,2023-12-31,Yellow,False,1,0,0,2,6.0,2.5,61.0,94.32593,1
3.0,3.0,101.0,1.0,52.0,1.0,False,0,1,1,2022-01-13,Yellow,False,2,1,2,1,16.0,1.91,61.42289433766939,195.01056,0
1.0,1.0,45.0,0.0,68.0,1.0,True,2,1,0,2022-11-28,White,False,1,1,1,0,16.0,3.33,72.0,117.54738,2
2.0,4.0,135.0,0.0,49.0,1.0,False,1,0,1,2022-10-26,Green,False,1,1,1,2,16.0,3.1,134.71740683475616,180.02624,1
2.0,5.0,142.0,2.0,35.0,2.0,False,1,0,0,2020-05-24,White,False,2,1,1,1,46.0,3.69,141.62729318255123,366.2329,0
4.0,4.0,133.0,2.0,47.0,-1.0,False,1,0,0,2020-06-08,White,False,0,2,1,2,6.0,3.66,132.74315359252904,291.84608,1
2.0,2.0,66.0,2.0,53.0,2.0,False,1,0,1,2022-08-13,Yellow,False,1,1,1,2,46.0,4.52,66.60566997791949,314.98402,0
1.0,1.0,98.0,2.0,61.0,-1.0,False,2,0,1,2022-03-26,Gray,False,1,0,1,0,6.0,2.32,156.86778264558214,225.40154,0
1.0,1.0,49.0,2.0,82.0,-1.0,False,0,1,1,2021-02-16,Gray,False,0,0,0,1,6.0,1.83,31.781914080812598,89.20655,0
1.0,1.0,31.0,2.0,58.0,1.0,False,2,0,1,2020-07-27,White,False,1,1,0,2,16.0,2.51,46.4,135.97201,0
4.0,4.0,129.0,2.0,37.0,0.0,True,1,0,1,2021-06-25,Gray,False,2,1,2,2,14.0,2.3,130.0,342.50873,0
1.0,1.0,38.0,1.0,31.0,-1.0,False,2,1,1,2023-12-16,Green,False,0,1,1,2,6.0,2.0,62.4,163.99051,1
1.0,1.0,25.0,2.0,61.0,-1.0,False,0,0,1,2020-08-20,Green,False,2,0,0,1,6.0,2.8,18.101461654570997,132.44417,1
1.0,1.0,43.0,1.0,47.0,0.0,False,0,1,1,2021-08-27,Gray,False,1,2,2,0,14.0,3.23,28.361800974252198,201.02968,2
1.0,1.0,98.0,1.0,56.0,0.0,False,0,0,1,2022-12-09,Yellow,False,1,2,1,0,14.0,4.66,58.2,198.23561,1
1.0,1.0,53.0,1.0,67.0,-1.0,False,1,1,1,2022-12-19,Gray,False,2,2,2,1,6.0,2.33,52.0,116.57241,0
3.0,2.0,124.0,0.0,47.0,-1.0,False,2,1,1,2022-08-15,Yellow,False,1,2,1,1,6.0,4.47,198.4,207.93891,2
1.0,3.0,119.0,2.0,32.0,-1.0,False,0,0,1,2024-01-07,White,False,1,2,1,1,6.0,1.41,71.4,309.76046,1
2.0,2.0,115.0,1.0,12.0,0.0,False,0,0,1,2021-06-01,Gray,False,1,1,2,1,14.0,1.89,69.403158252977,284.75563,2
1.0,1.0,28.0,1.0,53.0,-1.0,False,2,0,0,2021-02-04,Green,False,0,1,2,1,6.0,2.49,48.0,144.2613,2
1.0,1.0,34.0,0.0,58.0,-1.0,False,2,0,0,2021-03-24,Gray,False,2,1,0,1,6.0,2.94,52.8,37.92018,0
1.0,1.0,59.0,1.0,32.0,-1.0,False,1,0,1,2022-02-17,White,False,1,1,1,1,6.0,2.85,59.69578363012446,206.10447,2
1.0,1.0,105.0,2.0,47.0,2.0,True,2,1,0,2021-05-13,Gray,False,0,1,0,1,46.0,1.86,166.4,319.21529,0
3.0,2.0,146.0,1.0,32.0,-1.0,True,1,0,1,2023-01-29,White,False,0,1,1,1,6.0,3.02,145.57579966700553,272.90942,1
2.0,1.0,78.0,0.0,23.0,-1.0,False,1,0,1,2023-07-28,Yellow,False,1,1,0,1,6.0,2.45,78.45118943128239,111.7493,1
1.0,2.0,65.0,2.0,47.0,-1.0,False,0,1,1,2020-04-07,White,False,1,1,2,1,6.0,1.65,38.4,138.75448,0
1.0,1.0,48.0,2.0,19.0,1.0,False,2,0,1,2023-11-04,Gray,False,1,0,1,1,16.0,1.59,72.0,191.10104,0
2.0,3.0,102.0,0.0,60.0,-1.0,False,2,0,0,2023-06-25,Gray,False,1,1,0,2,6.0,1.59,163.28610887231935,99.84691,0
1.0,2.0,72.0,1.0,59.0,2.0,False,0,0,1,2023-10-24,White,False,1,0,0,1,46.0,1.47,44.89234765596079,305.63025,2
1.0,1.0,40.0,1.0,40.0,-1.0,False,2,0,0,2020-05-21,Yellow,False,1,0,0,2,6.0,4.03,63.80205235789296,70.63917,0
2.0,2.0,100.0,1.0,17.0,-1.0,True,0,0,1,2023-04-14,Gray,False,1,2,1,1,6.0,2.84,60.85287548657599,151.72641,0
1.0,1.0,51.0,2.0,26.0,2.0,False,0,0,0,2023-03-08,Green,False,2,0,1,1,46.0,1.91,30.0,346.10895,2
1.0,1.0,33.0,0.0,61.0,1.0,True,1,1,1,2020-07-12,Yellow,False,0,2,2,1,16.0,2.12,34.0,124.48368,2
1.0,1.0,50.0,2.0,37.0,0.0,False,2,1,1,2020-02-13,Yellow,False,0,1,1,2,14.0,3.64,79.84786792473592,188.14168,0
5.0,5.0,131.0,0.0,38.0,-1.0,True,2,0,1,2024-02-07,Green,False,0,2,1,1,6.0,2.4,209.81897401616393,231.53398,2
1.0,1.0,50.0,2.0,54.0,-1.0,False,1,0,1,2022-09-03,Gray,False,1,2,1,1,6.0,1.46,50.81164404010228,275.65478,2
1.0,2.0,83.0,2.0,56.0,-1.0,False,1,1,1,2024-01-29,Green,False,1,1,1,2,6.0,2.32,84.0,216.19878,0
2.0,2.0,94.0,1.0,13.0,2.0,True,1,0,0,2020-11-04,White,False,1,1,2,1,46.0,2.16,93.0,213.97082,0
1.0,1.0,81.0,0.0,47.0,-1.0,False,1,1,1,2022-08-07,Green,False,1,1,2,0,6.0,2.86,81.41256929462311,137.03235,2
3.0,2.0,114.0,0.0,48.0,1.0,False,2,0,0,2023-12-20,Yellow,False,2,1,2,0,16.0,1.61,182.4,155.35352,1
2.0,1.0,74.0,1.0,62.0,1.0,False,2,0,1,2023-12-13,Green,False,0,1,1,1,16.0,1.8,118.35782528515904,171.33808,0
1.0,1.0,91.0,1.0,61.0,1.0,False,2,0,1,2020-04-23,Yellow,False,1,1,2,2,16.0,2.69,145.63571174879206,196.03252,0
5.0,5.0,132.0,1.0,42.0,0.0,False,0,1,0,2023-01-20,Yellow,False,1,1,2,2,14.0,2.25,79.0934787215648,241.34152,1
2.0,2.0,87.0,0.0,34.0,-1.0,False,1,0,1,2023-04-27,White,False,2,1,2,0,6.0,1.54,88.0,125.34175,1
2.0,1.0,89.0,0.0,71.0,-1.0,True,2,0,0,2021-07-13,Green,False,2,1,0,2,6.0,1.55,140.8,81.75505,0
1.0,1.0,37.0,1.0,29.0,-1.0,False,2,1,1,2020-01-11,White,False,2,1,1,1,6.0,2.99,60.8,104.72191,0
5.0,2.0,141.0,2.0,70.0,-1.0,False,1,1,1,2023-03-25,Gray,False,1,0,1,0,6.0,2.33,140.0,366.20014,1
1.0,2.0,69.0,1.0,27.0,0.0,False,0,1,0,2020-06-05,Gray,False,0,1,2,0,14.0,1.63,43.182291102680594,147.2467,1
2.0,2.0,71.0,1.0,42.0,2.0,False,2,0,1,2021-05-21,White,False,2,0,1,2,46.0,2.45,113.6,251.68227,0
3.0,1.0,102.0,2.0,47.0,-1.0,False,0,0,1,2021-01-26,White,False,1,2,1,0,6.0,1.78,61.2,312.51601,2
1.0,1.0,56.0,2.0,49.0,-1.0,True,0,0,1,2020-12-01,Green,False,0,1,1,2,6.0,2.53,229.0,111.76982,0
1.0,1.0,93.0,2.0,25.0,0.0,False,1,0,0,2021-12-22,Yellow,False,1,2,0,1,14.0,4.3,93.25808874798602,194.73208,0
1.0,3.0,101.0,0.0,60.0,1.0,False,1,0,1,2022-01-31,Green,False,2,1,1,2,16.0,2.42,101.15510171689462,146.91202,1
1.0,1.0,28.0,0.0,59.0,-1.0,False,1,0,1,2021-02-17,White,False,2,2,0,2,6.0,1.49,28.0,72.46292,1
3.0,1.0,108.0,1.0,61.0,1.0,False,2,1,1,2021-09-21,White,False,1,1,1,1,16.0,1.7,172.91359821242511,288.52443,1
2.0,2.0,65.0,0.0,68.0,0.0,False,1,0,1,2023-11-15,Yellow,False,1,0,1,0,14.0,3.38,65.61854335680592,103.54925,1
1.0,1.0,31.0,2.0,47.0,-1.0,False,2,1,0,2021-04-28,Yellow,False,2,1,1,0,6.0,4.38,49.3608183477343,159.37628,1
5.0,2.0,140.0,0.0,47.0,1.0,False,1,0,1,2020-09-02,Gray,False,2,2,2,2,16.0,3.1,139.65303994032405,192.60537,1
2.0,2.0,89.0,1.0,64.0,-1.0,True,0,1,0,2023-09-08,Yellow,False,2,0,2,2,6.0,3.33,53.4,165.84324,1
2.0,2.0,111.0,1.0,47.0,-1.0,False,0,0,0,2020-08-16,Green,False,2,0,1,1,6.0,2.77,67.12308284860339,187.70565,2
1.0,3.0,118.0,1.0,60.0,-1.0,True,2,0,1,2023-04-10,Gray,False,1,2,0,1,6.0,1.92,188.95941377926806,268.22279,1
2.0,4.0,131.0,2.0,47.0,-1.0,True,1,0,1,2022-06-25,Yellow,False,1,1,1,1,6.0,4.58,130.76890035030186,268.14279,0
2.0,2.0,67.0,0.0,47.0,-1.0,False,2,0,1,2023-05-22,Gray,False,1,2,2,1,6.0,1.48,107.12575438836896,92.65441,0
2.0,2.0,150.0,1.0,33.0,2.0,False,0,1,1,2022-11-17,Gray,False,2,0,0,1,46.0,1.38,89.35381804124599,399.97087,2
2.0,1.0,78.0,2.0,14.0,-1.0,False,2,0,1,2020-10-12,Green,False,2,1,1,2,6.0,2.33,124.77615151189623,370.04043,2
1.0,1.0,50.0,0.0,45.0,1.0,True,2,0,1,2022-08-10,Green,False,1,1,2,2,16.0,1.98,79.84786792473592,119.40084,1
1.0,2.0,65.0,0.0,70.0,-1.0,False,2,1,1,2021-08-30,White,False,1,1,1,0,6.0,3.46,104.0,109.19771,1
1.0,1.0,41.0,0.0,64.0,1.0,False,0,0,1,2020-02-25,Yellow,False,2,1,0,1,16.0,1.71,24.6,54.0934,0
3.0,2.0,109.0,2.0,29.0,-1.0,False,0,1,1,2023-05-04,Yellow,False,2,1,0,1,6.0,2.31,65.9830451464166,381.32524,2
1.0,1.0,114.0,0.0,62.0,1.0,False,1,0,1,2022-09-28,White,False,1,1,1,2,16.0,3.25,113.98774779137109,118.03536,0
3.0,1.0,135.0,0.0,68.0,-1.0,False,2,1,1,2023-09-15,Gray,False,2,0,1,2,6.0,2.88,214.4,220.47671,2
1.0,1.0,144.0,0.0,63.0,-1.0,True,1,0,1,2022-08-06,Green,False,1,2,0,0,6.0,2.67,143.60154642477835,120.53255,0
1.0,1.0,68.0,2.0,26.0,-1.0,True,1,0,1,2023-08-21,Green,False,2,2,2,2,6.0,2.23,69.0,358.67491,2
2.0,2.0,103.0,1.0,47.0,-1.0,False,0,0,1,2024-03-26,White,False,1,2,1,2,6.0,2.55,62.56293203985619,140.77147,0
1.0,2.0,67.0,1.0,40.0,-1.0,False,1,1,1,2020-09-11,Gray,False,1,2,1,2,6.0,1.45,67.59279659903306,132.29861,0
2.0,2.0,95.0,2.0,41.0,-1.0,False,0,0,1,2023-05-03,White,False,1,1,1,1,6.0,1.56,57.6,181.56089,0
3.0,5.0,149.0,1.0,48.0,2.0,False,1,0,0,2020-01-05,Gray,False,2,1,1,1,46.0,1.75,148.53717953034624,306.2536,1
2.0,3.0,100.0,1.0,47.0,0.0,False,0,0,1,2022-06-25,Gray,False,1,1,1,1,14.0,2.91,61.2,254.67233,2
3.0,1.0,123.0,0.0,59.0,1.0,False,1,1,1,2022-03-21,Yellow,False,1,2,1,1,16.0,1.24,123.0,135.13871,0
2.0,2.0,82.0,0.0,58.0,-1.0,False,2,0,0,2021-10-10,White,False,1,1,1,1,6.0,1.56,131.1944777386334,79.64838,0
2.0,1.0,78.0,2.0,37.0,2.0,False,2,1,1,2021-04-23,Gray,False,2,2,1,2,46.0,2.97,124.77615151189623,461.2927,1
1.0,1.0,38.0,1.0,47.0,0.0,False,2,0,1,2020-04-11,Gray,False,0,1,1,0,14.0,1.59,60.8,132.45281,1
2.0,2.0,112.0,0.0,60.0,1.0,True,0,1,0,2022-04-25,White,False,0,1,1,0,16.0,1.39,67.8,85.70749,0
3.0,2.0,128.0,0.0,47.0,-1.0,False,2,0,1,2020-01-23,Gray,False,1,2,2,1,6.0,2.01,205.00522934611104,198.76794,2
1.0,1.0,150.0,0.0,64.0,0.0,False,0,0,1,2021-12-27,Yellow,False,1,2,0,2,14.0,1.46,89.35381804124599,154.26353,1
1.0,1.0,47.0,1.0,54.0,-1.0,False,1,1,0,2023-04-26,Green,False,1,1,0,1,6.0,2.55,49.0,78.58427,0
2.0,1.0,80.0,1.0,26.0,1.0,True,0,0,0,2022-09-03,Green,False,2,0,0,1,16.0,2.87,47.4,117.16706,0
1.0,1.0,23.0,0.0,36.0,-1.0,False,0,1,1,2020-04-17,Green,False,1,0,1,0,6.0,2.01,13.2,90.27308,2
2.0,2.0,104.0,0.0,50.0,0.0,False,2,1,0,2023-10-09,Yellow,False,2,2,1,2,14.0,2.35,166.49527198568794,129.97775,0
1.0,1.0,72.0,0.0,41.0,-1.0,False,2,0,1,2023-03-05,White,False,1,2,1,2,6.0,2.9,116.8,97.17039,0
2.0,1.0,64.0,0.0,31.0,1.0,True,1,1,1,2020-08-18,Gray,False,1,1,2,2,16.0,1.55,64.63141673569234,95.78613,0
1.0,2.0,65.0,2.0,34.0,-1.0,False,1,1,1,2023-11-11,White,False,1,1,1,1,6.0,2.95,65.0,183.80486,0
2.0,2.0,105.0,0.0,28.0,-1.0,False,0,0,1,2023-02-13,Gray,False,1,1,2,0,6.0,1.71,62.4,149.95822,2
2.0,2.0,66.0,2.0,43.0,2.0,False,2,1,0,2022-07-28,White,False,0,1,1,0,46.0,2.54,102.4,337.94988,1
3.0,3.0,131.0,2.0,47.0,-1.0,False,1,0,1,2022-10-13,Gray,False,0,2,1,1,6.0,1.37,130.76890035030186,344.38681,1
4.0,1.0,149.0,1.0,63.0,0.0,False,1,0,1,2022-12-01,White,False,1,0,1,2,14.0,3.83,148.0,287.78848,1
1.0,1.0,24.0,0.0,47.0,-1.0,True,2,1,1,2023-09-07,Yellow,False,0,1,1,1,6.0,4.04,41.6,38.22369,0
1.0,1.0,77.0,0.0,44.0,-1.0,False,2,0,1,2020-10-18,Green,False,1,1,2,1,6.0,2.39,123.17156995521192,88.87997,0
1.0,1.0,94.0,0.0,41.0,1.0,True,0,1,1,2023-03-09,Gray,False,2,2,1,1,16.0,2.93,57.43276238001559,172.40218,2
1.0,1.0,81.0,2.0,71.0,-1.0,False,1,1,1,2023-03-22,Gray,False,2,1,1,1,6.0,4.6,81.41256929462311,341.55079,2
1.0,2.0,83.0,0.0,30.0,-1.0,False,2,0,0,2020-02-20,Gray,False,1,2,1,1,6.0,1.67,132.8,129.61712,2
2.0,2.0,75.0,2.0,49.0,-1.0,False,2,1,1,2021-02-09,Gray,False,0,1,1,2,6.0,2.37,119.96240684184333,290.64997,1
1.0,1.0,53.0,1.0,42.0,1.0,False,1,0,1,2023-10-18,Green,False,2,0,2,2,16.0,3.02,53.773023903443004,245.35802,2
1.0,1.0,52.0,1.0,49.0,-1.0,False,1,0,1,2020-09-19,Green,False,1,2,1,1,6.0,2.75,53.0,94.26057,0
2.0,2.0,118.0,2.0,44.0,-1.0,False,1,0,1,2021-06-06,Green,False,2,2,1,1,6.0,2.75,118.0,399.83126,2
1.0,1.0,37.0,2.0,47.0,-1.0,True,2,0,0,2020-05-09,White,False,1,1,1,2,6.0,1.75,58.98830768784008,105.56633,0
1.0,3.0,128.0,0.0,57.0,0.0,False,0,1,1,2023-09-22,Green,False,2,1,2,0,14.0,1.79,75.6,151.10238,1
2.0,2.0,60.0,0.0,67.0,-1.0,True,2,0,0,2023-12-29,White,False,2,2,1,2,6.0,3.35,95.8936834915789,101.76006,1
1.0,1.0,31.0,2.0,58.0,-1.0,False,2,0,0,2021-06-25,White,False,2,1,1,1,6.0,2.04,49.3608183477343,150.28262,1
1.0,2.0,68.0,2.0,71.0,-1.0,True,0,0,1,2021-07-04,Green,False,1,1,2,0,6.0,3.31,42.61227225158719,199.8482,1
1.0,1.0,24.0,2.0,43.0,-1.0,False,0,1,1,2022-07-30,Gray,False,1,2,2,1,6.0,2.47,17.5314428034776,186.25008,1
1.0,1.0,53.0,1.0,64.0,-1.0,False,0,0,0,2023-04-09,White,False,2,1,2,2,6.0,2.54,34.061989485186196,168.82418,2
3.0,2.0,107.0,0.0,31.0,2.0,True,2,1,0,2021-12-20,Green,False,0,2,0,1,46.0,2.43,171.3090166557408,209.12516,2
1.0,3.0,106.0,0.0,36.0,-1.0,False,1,0,1,2023-01-05,White,False,1,2,0,1,6.0,3.81,107.0,165.19994,2
1.0,1.0,100.0,2.0,53.0,-1.0,False,2,0,1,2021-08-25,Yellow,False,2,1,2,2,6.0,1.99,160.07694575895073,410.78695,2
1.0,1.0,33.0,0.0,24.0,-1.0,False,1,1,1,2022-01-10,Gray,False,2,1,1,1,6.0,1.92,33.0,117.23605,2
2.0,3.0,112.0,0.0,64.0,-1.0,False,1,0,1,2022-07-15,Gray,False,0,1,1,1,6.0,2.33,112.0,130.14756,1
2.0,2.0,124.0,0.0,55.0,-1.0,False,0,0,1,2023-10-29,White,False,1,1,2,0,6.0,3.05,74.53332791281758,129.33547,1
1.0,2.0,59.0,0.0,66.0,1.0,False,0,0,1,2023-09-24,Gray,False,2,0,2,1,16.0,2.67,36.0,75.73077,0
1.0,1.0,48.0,2.0,30.0,-1.0,False,2,1,1,2021-07-29,Green,False,2,0,1,0,6.0,3.49,78.4,301.48021,2
1.0,1.0,33.0,1.0,33.0,2.0,False,2,1,0,2020-05-23,Gray,False,1,2,1,0,46.0,2.11,52.56998146110289,199.65063,1
2.0,1.0,94.0,1.0,40.0,0.0,False,0,0,1,2020-12-23,Green,False,1,1,1,0,14.0,2.31,57.43276238001559,180.72962,1
1.0,1.0,23.0,0.0,47.0,-1.0,True,0,0,1,2020-12-21,Green,False,1,0,1,1,6.0,2.9,12.6,79.7625,2
2.0,1.0,96.0,1.0,49.0,-1.0,False,1,0,1,2023-07-29,Green,False,0,1,2,2,6.0,2.53,97.0,211.54734,1
1.0,1.0,82.0,2.0,4.0,-1.0,False,2,0,1,2020-11-17,White,False,1,1,2,1,6.0,3.56,132.8,310.59137,1
1.0,1.0,82.0,0.0,58.0,1.0,False,1,0,1,2021-12-12,Yellow,False,1,2,2,2,16.0,1.82,83.0,133.05481,1
2.0,4.0,132.0,1.0,47.0,-1.0,False,0,1,1,2022-10-23,Yellow,False,2,1,1,1,6.0,2.29,79.2,195.98198,0
5.0,2.0,135.0,2.0,54.0,-1.0,False,0,1,1,2021-12-11,Yellow,False,0,2,1,0,6.0,4.61,80.80353527484499,417.54974,2
1.0,1.0,64.0,2.0,61.0,2.0,False,2,1,0,2022-08-03,Green,False,0,0,1,2,46.0,1.68,102.31200971831608,398.2243,2
1.0,1.0,36.0,1.0,11.0,-1.0,False,1,1,1,2021-05-08,White,False,2,2,1,1,6.0,2.87,36.0,154.4355,1
1.0,2.0,78.0,0.0,47.0,0.0,True,1,0,0,2023-06-25,Gray,False,2,0,0,2,14.0,2.43,78.0,70.73234,0
1.0,1.0,68.0,1.0,47.0,-1.0,False,0,0,1,2021-05-14,White,False,1,0,0,0,6.0,3.69,40.8,167.81531,2
1.0,1.0,78.0,0.0,68.0,-1.0,False,0,1,1,2021-02-01,Gray,False,1,2,2,0,6.0,1.95,46.8,67.23307,0
3.0,4.0,131.0,1.0,58.0,1.0,False,2,1,1,2022-01-04,White,False,2,2,2,0,16.0,3.32,209.81897401616393,348.61103,1
2.0,2.0,67.0,0.0,41.0,-1.0,False,2,1,1,2020-03-17,Yellow,False,0,0,1,1,6.0,3.51,107.2,81.44875,0
1.0,1.0,44.0,2.0,28.0,1.0,False,2,0,0,2020-06-17,Green,False,1,1,2,0,16.0,1.95,70.22037858463015,150.11355,0
1.0,1.0,87.0,0.0,55.0,-1.0,True,0,0,1,2020-01-16,White,False,1,1,0,2,6.0,3.34,53.442630422361795,121.78254,2
1.0,1.0,48.0,0.0,45.0,-1.0,False,0,0,0,2023-06-04,Yellow,False,1,1,2,1,6.0,1.34,31.211895229719197,95.14136,2
2.0,1.0,86.0,1.0,46.0,1.0,True,2,0,0,2023-01-27,White,False,1,1,1,2,16.0,1.59,137.6128039653706,170.12037,0
1.0,2.0,101.0,0.0,58.0,-1.0,False,1,0,1,2021-11-15,Gray,False,1,1,1,1,6.0,2.77,101.0,149.74565,2
1.0,1.0,99.0,0.0,47.0,-1.0,False,1,1,1,2020-03-13,White,False,1,1,1,0,6.0,2.87,99.18084847466747,140.33656,2
2.0,2.0,87.0,2.0,68.0,-1.0,False,1,1,1,2022-03-21,Gray,False,2,0,2,1,6.0,1.96,87.33532902130456,218.1492,0
2.0,1.0,114.0,0.0,66.0,-1.0,True,1,1,1,2021-02-27,Yellow,False,1,1,0,2,6.0,4.77,113.98774779137109,131.55895,1
3.0,1.0,112.0,1.0,44.0,-1.0,False,2,0,0,2022-04-18,Green,False,0,1,2,2,6.0,2.02,177.6,177.47546,0
2.0,2.0,107.0,2.0,32.0,0.0,False,1,0,1,2021-06-03,Gray,False,2,2,0,0,14.0,2.66,106.0,251.08729,0
5.0,1.0,141.0,1.0,68.0,-1.0,True,0,1,1,2021-09-26,Yellow,False,0,0,0,1,6.0,4.55,84.6,165.64979,0
1.0,1.0,31.0,2.0,57.0,0.0,False,1,1,1,2020-04-24,White,False,1,2,1,1,14.0,1.44,32.056238238944346,208.41829,1
1.0,1.0,54.0,1.0,50.0,-1.0,False,0,0,1,2020-08-04,White,False,0,2,1,2,6.0,2.02,34.6320083362796,132.98955,1
2.0,2.0,90.0,0.0,47.0,0.0,False,0,0,0,2022-10-11,Green,False,1,1,0,0,14.0,1.95,55.15268697564199,89.02201,1
1.0,3.0,116.0,2.0,38.0,-1.0,False,1,0,1,2023-08-12,Gray,False,2,1,1,1,6.0,3.02,115.0,263.3513,0
1.0,1.0,82.0,2.0,47.0,-1.0,False,0,0,0,2021-11-24,Gray,False,0,1,0,1,6.0,2.52,50.592536166894796,219.24435,2
1.0,3.0,103.0,1.0,15.0,-1.0,False,0,0,1,2020-06-26,Gray,False,2,1,2,2,6.0,1.36,62.56293203985619,252.38517,2
5.0,1.0,143.0,1.0,47.0,0.0,False,0,1,1,2020-06-30,Gray,False,0,1,2,1,14.0,2.09,85.36368608359219,294.22249,2
2.0,2.0,137.0,1.0,51.0,2.0,True,2,1,0,2022-02-16,Gray,False,1,2,0,0,46.0,1.74,219.2,343.87031,1
1.0,1.0,73.0,0.0,54.0,-1.0,False,2,0,1,2023-05-31,White,False,1,1,2,2,6.0,1.5,113.6,90.68588,0
1.0,1.0,50.0,2.0,47.0,-1.0,True,1,1,1,2021-02-16,White,False,0,1,2,1,6.0,3.57,49.0,193.63186,1
1.0,1.0,29.0,1.0,31.0,0.0,True,0,0,1,2022-07-27,Yellow,False,0,2,1,2,14.0,2.45,20.3815370589446,142.51291,1
1.0,1.0,23.0,2.0,47.0,1.0,True,1,0,1,2020-11-01,Gray,False,0,1,1,1,16.0,1.97,24.159225270035748,99.56535,0
1.0,3.0,111.0,0.0,61.0,-1.0,False,0,0,1,2023-03-27,White,False,1,1,2,1,6.0,1.84,67.12308284860339,87.45644,0
1.0,2.0,81.0,0.0,27.0,-1.0,False,0,1,0,2020-08-26,Gray,False,2,1,2,0,6.0,2.76,50.022517315801394,65.03054,0
1.0,1.0,93.0,2.0,47.0,-1.0,True,1,1,1,2022-07-14,Gray,False,0,1,2,2,6.0,2.64,92.0,200.76824,0
1.0,1.0,34.0,2.0,56.0,-1.0,True,1,0,0,2024-01-11,Yellow,False,2,1,0,0,6.0,2.79,33.0,200.17669,2
1.0,1.0,32.0,1.0,39.0,2.0,True,2,0,0,2022-06-18,Green,False,1,2,0,2,46.0,3.27,52.8,247.50472,2
1.0,1.0,59.0,2.0,39.0,-1.0,False,2,1,1,2020-10-07,Green,False,1,2,2,1,6.0,1.68,94.28910193489459,336.26651,2
2.0,2.0,146.0,1.0,36.0,-1.0,False,2,1,1,2020-09-24,Gray,False,1,1,0,1,6.0,2.77,233.88769736642837,270.6793,0
1.0,1.0,70.0,0.0,16.0,0.0,False,2,1,0,2022-08-30,Yellow,False,2,2,1,1,14.0,3.9,112.0,121.32832,1
1.0,1.0,44.0,0.0,18.0,1.0,False,2,0,1,2020-04-02,Gray,False,2,0,2,1,16.0,2.29,70.22037858463015,139.48975,2
1.0,1.0,46.0,0.0,47.0,0.0,False,2,1,1,2021-10-03,Gray,False,1,1,1,2,14.0,1.16,73.6,76.15997,0
1.0,1.0,48.0,2.0,61.0,1.0,False,1,0,1,2021-09-17,Green,False,1,0,2,0,16.0,2.47,48.0,290.22044,2
2.0,1.0,70.0,2.0,34.0,1.0,True,2,0,1,2021-04-11,Yellow,False,0,1,0,1,16.0,3.67,111.93949905842186,363.44635,2
2.0,2.0,128.0,1.0,47.0,-1.0,False,0,0,1,2020-04-06,Green,False,1,0,2,1,6.0,3.24,76.2,184.42851,1
1.0,1.0,25.0,1.0,47.0,0.0,False,2,0,1,2022-01-18,Yellow,False,1,1,1,1,14.0,3.41,39.73332900762852,74.99769,0
1.0,2.0,92.0,0.0,47.0,1.0,False,2,0,0,2021-07-14,Gray,False,2,1,1,1,16.0,1.01,147.24029330547637,122.66738,1
1.0,1.0,37.0,1.0,69.0,-1.0,True,2,0,1,2023-04-28,Yellow,False,1,2,2,2,6.0,1.92,58.98830768784008,206.3349,2
4.0,5.0,145.0,1.0,40.0,1.0,False,1,1,1,2020-03-22,Gray,False,2,2,2,1,16.0,1.79,145.0,325.24004,1
1.0,1.0,40.0,0.0,70.0,2.0,False,2,1,1,2021-12-18,White,False,1,0,2,2,46.0,2.43,67.2,185.54846,2
2.0,1.0,59.0,1.0,60.0,-1.0,True,2,0,0,2023-04-28,Green,False,1,2,1,1,6.0,2.25,94.28910193489459,153.60114,1
1.0,1.0,84.0,2.0,26.0,1.0,False,1,1,0,2021-12-29,Gray,False,1,1,1,1,16.0,2.16,83.0,321.97962,2
1.0,3.0,101.0,2.0,44.0,-1.0,False,0,1,1,2022-02-11,Green,False,2,2,2,1,6.0,3.27,61.42289433766939,231.19611,0
2.0,2.0,66.0,0.0,54.0,-1.0,True,1,0,1,2023-05-05,Green,False,1,1,0,1,6.0,2.04,66.60566997791949,66.95561,0
5.0,2.0,137.0,1.0,32.0,-1.0,False,2,0,0,2023-04-06,Gray,False,1,2,2,2,6.0,2.0,219.4464633562697,284.3093,1
3.0,3.0,105.0,2.0,36.0,2.0,False,0,0,1,2021-12-20,Gray,False,1,1,2,0,46.0,3.0,63.70296974204299,423.49313,1
1.0,1.0,57.0,0.0,53.0,1.0,False,2,0,0,2024-01-18,Gray,False,1,1,2,1,16.0,1.85,92.8,133.07644,2
2.0,1.0,84.0,0.0,58.0,-1.0,False,1,1,1,2020-08-08,Green,False,1,1,1,2,6.0,1.84,85.0,85.12728,0
4.0,5.0,146.0,0.0,64.0,-1.0,False,1,0,1,2022-03-22,Gray,False,1,0,0,2,6.0,2.32,147.0,194.75596,2
1.0,1.0,40.0,1.0,47.0,1.0,False,1,1,0,2023-01-18,Green,False,1,2,1,2,16.0,2.79,40.0,192.4916,2
1.0,1.0,35.0,2.0,43.0,-1.0,False,1,1,0,2022-02-24,Gray,False,1,1,1,2,6.0,2.53,34.0,163.57213,1
1.0,1.0,54.0,0.0,39.0,-1.0,False,2,0,0,2022-01-02,Gray,False,2,1,2,1,6.0,3.13,86.26619415147312,114.48894,2
2.0,2.0,97.0,,47.0,1.0,False,2,0,1,2024-01-14,Green,False,2,0,1,2,16.0,2.68,155.26320108889786,310.81437,0
1.0,1.0,40.0,0.0,69.0,-1.0,True,0,0,1,2023-12-13,Gray,False,1,2,0,1,6.0,1.92,26.651744420971998,103.41824,2
1.0,2.0,71.0,1.0,44.0,-1.0,True,2,0,0,2023-09-15,Gray,False,1,1,1,2,6.0,1.86,113.54408061510615,218.77928,2
1.0,1.0,49.0,0.0,41.0,-1.0,False,1,1,1,2020-09-28,White,False,2,1,0,2,6.0,3.09,48.0,90.86315,1
2.0,3.0,111.0,2.0,70.0,-1.0,False,2,0,1,2023-03-18,Green,False,1,1,1,1,6.0,1.9,177.727342882478,290.83897,0
1.0,1.0,49.0,1.0,47.0,1.0,False,2,0,1,2020-08-21,Yellow,False,1,2,0,1,16.0,3.79,78.24328636805163,121.98466,0
2.0,4.0,131.0,0.0,47.0,-1.0,False,2,1,0,2023-05-06,Gray,False,1,1,0,2,6.0,2.22,209.6,132.9009,0
1.0,1.0,26.0,1.0,42.0,1.0,True,2,1,1,2020-12-26,Gray,False,1,1,1,1,16.0,2.26,41.33791056431282,208.40353,2
1.0,1.0,85.0,0.0,61.0,1.0,True,1,1,1,2023-03-10,White,False,2,2,1,1,16.0,2.61,85.36107577907741,145.43919,1
1.0,1.0,98.0,1.0,47.0,-1.0,True,0,1,1,2021-04-30,White,False,2,0,1,2,6.0,3.37,59.712837784389194,136.46378,0
1.0,1.0,37.0,0.0,57.0,-1.0,False,2,0,0,2021-01-22,White,False,0,2,2,0,6.0,3.63,59.2,90.99095,2
2.0,2.0,89.0,1.0,66.0,1.0,False,1,0,0,2022-06-27,Green,False,0,2,1,1,16.0,3.37,89.30958226353171,141.01265,0
2.0,2.0,106.0,1.0,57.0,0.0,False,0,1,0,2021-12-13,Gray,False,1,0,2,0,14.0,1.13,64.27298859313639,176.2374,1
1.0,2.0,143.0,1.0,47.0,-1.0,False,2,0,1,2020-12-30,Gray,False,2,2,2,0,6.0,2.59,228.8,345.08239,2
1.0,1.0,89.0,2.0,33.0,-1.0,False,2,1,1,2022-09-07,White,False,2,1,1,2,6.0,2.26,140.8,414.26372,2
2.0,1.0,120.0,2.0,66.0,-1.0,False,2,1,0,2020-01-31,White,False,0,1,1,1,6.0,2.23,192.16857689263668,294.41214,1
1.0,1.0,90.0,0.0,21.0,0.0,False,2,0,1,2021-08-05,Yellow,False,1,1,1,1,14.0,1.33,144.0,144.86505,1
2.0,2.0,73.0,2.0,53.0,-1.0,False,1,0,1,2024-01-01,White,False,0,1,2,1,6.0,3.73,73.51555632571451,252.85084,1
1.0,1.0,109.0,0.0,61.0,0.0,True,2,0,0,2022-02-06,Green,False,2,1,1,1,14.0,1.99,174.5181797691094,159.10105,2
1.0,1.0,59.0,1.0,68.0,-1.0,False,0,0,1,2023-08-18,Yellow,False,2,1,2,1,6.0,3.18,37.482102591746596,148.09199,1
1.0,1.0,24.0,2.0,63.0,-1.0,False,2,0,1,2022-10-26,Green,False,0,2,1,0,6.0,1.93,38.4,155.1961,1
2.0,1.0,124.0,0.0,48.0,-1.0,False,1,0,1,2021-02-21,White,False,2,1,1,2,6.0,3.7,123.85901400250685,114.13339,0
2.0,1.0,93.0,2.0,20.0,0.0,True,1,1,1,2023-11-09,White,False,1,2,1,1,14.0,3.75,94.0,351.33624,1
2.0,2.0,62.0,2.0,70.0,0.0,True,0,0,1,2024-02-14,White,False,1,1,2,1,14.0,3.13,39.19215914502679,165.9414,0
3.0,1.0,135.0,0.0,41.0,1.0,False,2,0,1,2021-09-18,Yellow,False,1,2,2,0,16.0,3.84,216.2373002429011,196.758,1
1.0,1.0,38.0,1.0,47.0,-1.0,False,0,0,1,2021-11-09,Gray,False,1,1,1,1,6.0,1.19,22.8,59.19676,0
1.0,1.0,81.0,2.0,34.0,-1.0,True,2,0,0,2021-07-07,Yellow,False,1,1,2,2,6.0,2.22,129.58989618194911,192.28561,0
2.0,3.0,124.0,0.0,20.0,-1.0,False,0,0,1,2022-08-04,White,False,0,0,2,2,6.0,1.5,74.53332791281758,147.74131,2
2.0,2.0,83.0,0.0,61.0,-1.0,False,0,0,0,2023-03-15,Green,False,2,1,1,0,6.0,2.56,51.16255501798819,85.23238,1
1.0,1.0,47.0,2.0,60.0,-1.0,True,2,0,1,2023-07-31,Green,False,2,0,2,1,6.0,2.67,75.03412325468304,225.13279,1
2.0,2.0,143.0,2.0,47.0,-1.0,False,1,0,1,2023-02-04,Yellow,False,2,0,2,2,6.0,4.74,142.61441980366476,367.06263,1
1.0,2.0,111.0,0.0,35.0,2.0,False,0,1,1,2022-01-01,Gray,False,1,1,1,2,46.0,2.09,67.12308284860339,186.69676,1
1.0,1.0,63.0,2.0,50.0,-1.0,False,1,0,0,2021-08-16,White,False,1,2,2,1,6.0,2.51,64.0,133.52741,0
1.0,2.0,113.0,2.0,46.0,-1.0,False,2,0,1,2021-12-17,Gray,False,2,1,1,1,6.0,3.08,180.8,364.38449,1
1.0,1.0,23.0,2.0,62.0,-1.0,False,2,0,0,2022-12-02,Green,False,1,1,0,2,6.0,2.67,36.52416589425993,71.85705,0
1.0,1.0,74.0,0.0,63.0,-1.0,False,1,0,0,2020-07-17,Gray,False,2,2,1,2,6.0,1.61,72.0,87.91308,1
1.0,1.0,42.0,2.0,20.0,1.0,False,0,0,1,2021-06-02,Gray,False,1,2,0,1,16.0,1.7,27.791782123158796,147.83111,0
2.0,2.0,94.0,2.0,55.0,-1.0,False,1,1,1,2023-03-15,Gray,False,1,2,2,1,6.0,2.96,94.0,384.4957,2
3.0,2.0,113.0,1.0,35.0,-1.0,False,1,0,0,2024-01-25,Gray,False,0,1,1,1,6.0,3.71,113.0,244.56593,2
2.0,1.0,106.0,2.0,41.0,-1.0,False,2,0,1,2021-08-02,Gray,False,1,0,1,2,6.0,2.85,169.70443509905652,341.57316,1
1.0,1.0,119.0,1.0,57.0,-1.0,False,0,0,1,2023-09-16,Gray,False,1,1,1,1,6.0,2.04,71.68323365735058,198.13125,1
1.0,1.0,57.0,1.0,55.0,-1.0,False,0,1,1,2023-02-07,Yellow,False,2,2,0,2,6.0,3.97,33.6,106.55728,0
1.0,1.0,21.0,2.0,42.0,-1.0,True,2,1,1,2023-03-10,Gray,False,1,1,1,2,6.0,3.09,36.8,195.92752,1
5.0,2.0,134.0,0.0,41.0,0.0,False,0,0,0,2020-07-19,White,False,1,0,1,0,14.0,2.02,81.0,95.3143,0
2.0,1.0,89.0,0.0,50.0,-1.0,False,2,1,1,2022-10-15,Yellow,False,2,0,0,1,6.0,1.96,144.0,169.52224,2
1.0,1.0,39.0,2.0,47.0,-1.0,True,1,1,1,2024-02-12,White,False,2,1,0,1,6.0,2.26,40.0,205.98332,1
2.0,2.0,105.0,2.0,60.0,-1.0,False,1,0,1,2022-03-14,Gray,False,2,0,1,1,6.0,2.98,105.10360820134892,292.36632,1
2.0,2.0,63.0,1.0,47.0,-1.0,True,0,0,0,2020-10-19,Gray,False,2,2,0,2,6.0,1.24,39.762177996120194,131.06434,1
2.0,2.0,104.0,0.0,44.0,-1.0,False,1,1,0,2022-10-16,Gray,False,1,2,1,0,6.0,1.99,104.11648158023534,114.13432,1
1.0,2.0,128.0,2.0,47.0,-1.0,False,0,1,1,2022-08-09,Green,False,2,0,1,0,6.0,2.54,75.6,275.68967,1
2.0,2.0,88.0,1.0,41.0,-1.0,False,0,0,1,2021-01-29,White,False,1,2,0,2,6.0,3.4,54.012649273455196,226.87543,2
1.0,1.0,46.0,2.0,37.0,-1.0,True,0,1,0,2021-02-22,Green,False,0,0,0,1,6.0,2.92,27.0,80.21964,0
1.0,1.0,106.0,2.0,47.0,-1.0,False,0,0,1,2020-03-04,Yellow,False,1,2,1,1,6.0,4.49,64.2,175.49131,0
1.0,1.0,30.0,2.0,68.0,-1.0,False,2,0,1,2021-09-12,White,False,2,2,2,2,6.0,1.67,48.0,271.70536,2
2.0,2.0,111.0,2.0,47.0,0.0,False,1,0,1,2021-07-23,Green,False,2,2,1,2,14.0,3.24,111.02636792803037,270.61128,0
2.0,3.0,141.0,0.0,40.0,1.0,False,1,1,1,2021-01-24,White,False,0,0,1,2,16.0,1.53,140.64016656143764,173.33556,1
2.0,1.0,118.0,2.0,25.0,2.0,False,0,1,1,2021-07-21,Yellow,False,1,0,1,1,46.0,3.3,71.11321480625719,358.315,0
1.0,2.0,95.0,2.0,19.0,2.0,True,1,1,0,2020-05-16,White,False,1,2,1,1,46.0,1.73,95.23234199021317,419.73791,2
1.0,1.0,40.0,0.0,33.0,0.0,False,0,1,1,2023-11-21,White,False,1,1,1,1,14.0,2.07,26.651744420971998,98.12627,1
1.0,1.0,52.0,2.0,53.0,-1.0,True,2,0,0,2023-05-11,Yellow,True,1,1,1,1,6.0,2.29,83.05703103810453,130.7967,0
2.0,1.0,93.0,1.0,53.0,-1.0,False,0,1,0,2021-03-08,Green,False,1,1,2,1,6.0,1.95,55.8,190.74948,2
3.0,1.0,114.0,2.0,40.0,0.0,True,1,0,1,2022-03-05,White,False,0,1,1,0,14.0,1.74,113.0,326.42403,1
1.0,1.0,130.0,1.0,30.0,-1.0,False,2,0,1,2020-01-15,White,False,0,0,2,2,6.0,2.89,206.4,268.75486,1
2.0,2.0,62.0,0.0,48.0,1.0,True,2,0,0,2021-10-11,White,False,2,1,2,2,16.0,1.38,99.10284660494749,138.16784,2
2.0,2.0,127.0,1.0,47.0,-1.0,False,0,0,0,2022-10-07,Gray,False,0,1,0,1,6.0,1.96,76.2433844660978,201.74836,2
1.0,1.0,27.0,1.0,47.0,-1.0,True,1,1,1,2023-08-09,White,False,2,0,0,0,6.0,2.7,26.0,108.83434,1
3.0,1.0,147.0,0.0,49.0,0.0,False,0,0,0,2020-06-28,Gray,False,1,1,1,1,14.0,2.88,87.6,93.41169,0
1.0,1.0,23.0,2.0,58.0,-1.0,False,2,1,1,2023-04-18,Gray,False,2,1,2,2,6.0,1.24,35.2,129.60086,0
1.0,1.0,47.0,1.0,65.0,0.0,True,2,0,1,2022-04-09,Green,False,0,0,1,1,14.0,3.27,73.6,207.77898,2
1.0,1.0,46.0,0.0,39.0,1.0,True,0,0,1,2021-11-07,Green,False,0,2,2,2,16.0,1.65,30.071857527532398,131.07269,2
1.0,1.0,36.0,1.0,52.0,-1.0,False,2,0,1,2020-05-15,Gray,False,1,0,1,2,6.0,2.9,56.0,78.76288,0
2.0,3.0,108.0,1.0,2.0,2.0,True,0,1,1,2020-01-31,White,False,1,1,0,2,46.0,1.73,64.2,305.86436,1
1.0,1.0,39.0,2.0,46.0,-1.0,False,2,1,1,2021-05-18,Green,False,0,1,1,0,6.0,1.96,62.197470801208674,261.71307,2
1.0,1.0,42.0,2.0,67.0,2.0,False,0,1,1,2020-04-06,Yellow,False,1,1,2,1,46.0,2.19,25.2,383.95709,2
1.0,3.0,123.0,0.0,62.0,1.0,True,2,0,0,2021-03-01,White,False,0,2,2,1,16.0,1.82,196.8,124.51035,0
3.0,2.0,126.0,0.0,53.0,-1.0,False,2,0,1,2021-06-15,Green,False,0,1,0,1,6.0,3.33,201.6,129.68117,0
4.0,4.0,148.0,0.0,35.0,-1.0,False,0,1,0,2021-05-03,Yellow,False,1,1,0,1,6.0,4.2,88.21378033905918,102.03082,0
1.0,1.0,45.0,2.0,47.0,1.0,False,2,0,1,2023-06-03,White,False,2,0,1,1,16.0,3.69,71.82496014131445,179.06572,0
2.0,2.0,82.0,1.0,26.0,2.0,False,2,1,1,2023-08-21,Gray,False,2,1,2,1,46.0,2.05,131.2,411.84859,2
2.0,1.0,130.0,2.0,57.0,-1.0,False,2,1,1,2022-11-12,Gray,False,1,1,0,1,6.0,2.16,208.21439245947963,331.3067,0
1.0,1.0,47.0,0.0,37.0,-1.0,False,1,1,1,2022-03-14,Green,False,2,1,1,2,6.0,1.68,48.0,129.13588,2
1.0,1.0,21.0,2.0,39.0,-1.0,False,1,0,1,2020-01-28,Gray,False,2,0,2,1,6.0,2.04,22.184972027808595,83.51048,0
1.0,1.0,21.0,2.0,35.0,1.0,True,0,0,1,2022-02-01,Gray,False,2,1,1,2,16.0,1.84,12.0,204.80852,1
3.0,2.0,112.0,0.0,66.0,1.0,False,0,0,1,2021-08-03,Gray,False,2,2,1,1,16.0,2.79,67.2,139.40134,1
1.0,1.0,79.0,0.0,38.0,2.0,False,2,1,1,2021-02-11,Gray,False,1,0,1,1,46.0,1.44,126.38073306858053,212.07047,2
2.0,3.0,119.0,2.0,48.0,1.0,False,2,0,1,2020-03-20,Yellow,False,1,2,0,1,16.0,3.5,190.56399533595237,403.87527,1
1.0,2.0,79.0,1.0,62.0,0.0,False,2,1,1,2023-06-02,Green,False,0,1,0,1,14.0,3.06,126.38073306858053,232.86169,1
1.0,1.0,29.0,2.0,47.0,2.0,False,1,0,1,2023-03-11,Green,False,2,1,2,2,46.0,2.03,29.0,247.45759,0
1.0,1.0,26.0,0.0,47.0,-1.0,False,2,0,1,2022-03-26,White,False,1,1,2,1,6.0,3.09,41.33791056431282,40.11621,0
1.0,1.0,67.0,0.0,40.0,-1.0,False,1,0,0,2022-05-28,Green,False,2,1,1,0,6.0,2.37,67.0,83.81602,1
3.0,5.0,147.0,2.0,63.0,-1.0,True,1,1,0,2021-12-03,Yellow,False,0,0,2,1,6.0,4.33,146.56292628811906,381.10381,2
2.0,2.0,98.0,2.0,16.0,-1.0,False,2,1,0,2021-10-10,Gray,False,1,1,2,1,6.0,1.81,155.2,362.73064,2
1.0,1.0,53.0,1.0,38.0,0.0,False,2,1,0,2020-05-30,Gray,False,1,1,2,2,14.0,3.04,84.66161259478882,124.53361,0
1.0,1.0,26.0,2.0,46.0,1.0,True,1,0,1,2023-02-18,Gray,False,1,1,1,1,16.0,1.14,27.120605133376472,131.55037,0
1.0,1.0,54.0,2.0,69.0,-1.0,True,2,0,0,2020-06-22,Yellow,False,2,2,2,0,6.0,4.89,86.26619415147312,188.55758,1
2.0,2.0,123.0,2.0,19.0,-1.0,True,1,0,1,2021-06-25,Green,False,2,2,1,0,6.0,3.37,122.0,274.03306,0
5.0,4.0,138.0,2.0,41.0,-1.0,True,2,1,1,2022-05-19,Yellow,False,1,1,1,2,6.0,4.8,221.051044912954,401.51635,0
1.0,2.0,111.0,1.0,61.0,-1.0,False,2,0,1,2020-11-12,Gray,False,2,2,1,1,6.0,2.05,179.2,203.6033,0
1.0,1.0,38.0,1.0,50.0,-1.0,False,2,0,1,2020-11-01,White,False,2,1,1,1,6.0,2.15,60.59288924452437,91.89332,0
1.0,1.0,36.0,1.0,70.0,1.0,False,1,0,0,2022-05-30,Yellow,False,2,1,2,0,16.0,3.64,36.0,128.99805,1
2.0,2.0,89.0,0.0,39.0,-1.0,False,0,0,1,2023-02-07,Yellow,False,1,1,1,0,6.0,3.22,52.8,104.32451,1
1.0,1.0,92.0,0.0,25.0,-1.0,False,0,0,1,2021-10-11,Gray,False,2,2,2,2,6.0,1.39,56.292724677828794,85.84295,0
2.0,2.0,84.0,2.0,59.0,-1.0,False,2,1,1,2021-03-21,White,False,0,1,1,2,6.0,2.75,136.0,310.88624,1
1.0,1.0,79.0,1.0,70.0,0.0,False,1,0,0,2021-12-12,Green,False,2,1,1,2,14.0,2.03,79.0,122.2759,0
1.0,1.0,53.0,0.0,68.0,-1.0,False,1,1,0,2020-01-27,Green,False,1,2,1,1,6.0,2.79,53.773023903443004,98.113,2
1.0,2.0,90.0,0.0,26.0,2.0,False,0,0,1,2020-06-23,Green,False,1,2,1,1,46.0,1.84,55.15268697564199,163.70742,1
1.0,2.0,66.0,0.0,56.0,2.0,True,2,0,0,2022-04-03,Gray,False,1,2,2,1,46.0,1.43,105.52117283168467,175.49903,2
1.0,1.0,122.0,0.0,70.0,1.0,False,1,0,0,2021-02-11,Gray,False,1,0,1,1,16.0,2.72,121.8847607602797,141.5547,2
2.0,3.0,101.0,2.0,6.0,-1.0,False,2,0,1,2023-11-25,Green,False,0,2,0,2,6.0,3.35,161.68152731563504,370.8086,1
1.0,1.0,50.0,2.0,47.0,-1.0,False,2,0,1,2020-11-02,Yellow,False,1,1,0,2,6.0,3.82,81.6,131.70414,0
1.0,1.0,22.0,0.0,47.0,1.0,False,0,1,1,2023-12-12,Gray,False,0,1,1,2,16.0,1.96,16.3914051012908,112.81739,2
3.0,3.0,100.0,1.0,34.0,2.0,False,0,0,1,2023-10-05,Yellow,False,2,1,1,1,46.0,2.55,60.0,263.90993,0
2.0,2.0,136.0,2.0,27.0,-1.0,False,1,1,1,2023-08-18,Gray,False,1,0,1,1,6.0,2.59,136.0,302.07907,0
3.0,1.0,127.0,1.0,66.0,-1.0,False,1,0,1,2020-09-21,Green,False,0,1,1,2,6.0,1.62,126.82039386584758,177.26699,0
4.0,4.0,134.0,1.0,20.0,-1.0,False,0,1,1,2023-08-20,White,False,2,0,1,1,6.0,2.93,80.23351642375158,316.71819,2
1.0,1.0,38.0,0.0,45.0,-1.0,False,0,0,1,2020-11-01,Green,False,1,1,0,2,6.0,2.06,23.4,99.28626,2
2.0,2.0,118.0,0.0,40.0,2.0,False,0,0,1,2021-10-23,Gray,False,0,0,2,2,46.0,2.1,71.11321480625719,181.28567,1
1.0,1.0,37.0,0.0,31.0,-1.0,False,2,0,1,2024-02-14,Yellow,False,1,0,0,1,6.0,2.41,60.8,83.69621,1
1.0,1.0,47.0,0.0,47.0,-1.0,True,0,0,1,2023-04-16,White,False,0,2,2,2,6.0,3.09,28.2,108.08102,2
1.0,1.0,55.0,2.0,47.0,-1.0,True,2,1,1,2021-11-24,Yellow,False,1,1,0,2,6.0,3.31,88.0,307.47798,2
3.0,3.0,105.0,1.0,27.0,-1.0,False,1,0,1,2020-04-30,White,False,2,1,1,1,6.0,2.37,106.0,272.80377,2
1.0,1.0,25.0,0.0,28.0,-1.0,False,2,1,1,2022-08-06,White,False,1,0,0,1,6.0,3.78,40.0,76.35695,1
3.0,2.0,105.0,0.0,60.0,-1.0,False,2,1,1,2022-02-09,Yellow,False,0,1,1,1,6.0,2.18,168.09985354237222,123.989,0
1.0,1.0,65.0,0.0,68.0,-1.0,False,0,0,1,2020-02-12,Gray,False,2,1,0,1,6.0,1.71,37.8,106.13729,2
3.0,2.0,125.0,0.0,53.0,1.0,False,1,1,1,2022-08-20,White,False,0,0,2,1,16.0,2.64,125.0,168.99989,1
2.0,1.0,96.0,0.0,47.0,0.0,False,1,0,1,2021-01-10,Yellow,False,0,1,1,1,14.0,4.82,97.0,88.76439,0
2.0,1.0,102.0,2.0,48.0,-1.0,False,2,0,0,2020-06-24,Yellow,False,2,2,0,1,6.0,4.69,163.28610887231935,332.7105,2
2.0,3.0,126.0,1.0,60.0,0.0,False,0,1,1,2024-03-29,Gray,False,2,1,2,1,14.0,2.96,75.67336561500439,265.30936,1
1.0,1.0,59.0,2.0,63.0,1.0,False,0,0,1,2020-10-14,White,False,0,1,1,0,16.0,3.78,34.8,272.73068,2
3.0,2.0,119.0,1.0,45.0,-1.0,False,0,1,1,2020-07-17,White,False,2,1,1,1,6.0,3.55,71.68323365735058,164.52856,0
2.0,2.0,98.0,2.0,47.0,-1.0,False,0,0,1,2022-10-04,Yellow,False,0,1,1,1,6.0,2.82,59.712837784389194,177.74107,0
1.0,1.0,57.0,0.0,55.0,0.0,False,0,0,1,2021-06-20,White,False,2,0,1,1,14.0,3.48,36.34206488955979,61.64647,0
3.0,2.0,117.0,1.0,51.0,1.0,True,2,0,1,2020-08-18,Gray,False,1,0,0,1,16.0,1.1,187.35483222258378,279.82585,1
1.0,2.0,92.0,2.0,47.0,1.0,True,1,0,1,2021-11-17,White,False,2,0,1,1,16.0,3.18,92.27096212687245,365.42383,2
1.0,1.0,80.0,1.0,22.0,-1.0,True,0,0,1,2020-09-21,Gray,False,0,2,1,0,6.0,2.53,49.45249846470799,202.16686,2
2.0,2.0,131.0,0.0,57.0,-1.0,False,0,0,0,2023-11-04,Gray,False,0,2,2,1,6.0,1.92,79.2,90.44384,0
1.0,1.0,44.0,0.0,47.0,-1.0,False,2,0,1,2023-12-29,Green,False,2,2,2,0,6.0,3.05,68.8,61.48053,0
1.0,1.0,92.0,1.0,24.0,0.0,False,0,1,1,2020-05-16,Gray,False,0,1,1,1,14.0,1.79,56.292724677828794,245.73527,2
2.0,2.0,88.0,1.0,62.0,1.0,False,2,0,1,2024-01-14,Gray,True,1,1,1,1,16.0,1.62,139.2,306.16859,2
2.0,1.0,128.0,,46.0,-1.0,False,0,1,1,2021-05-03,White,False,1,0,2,0,6.0,1.59,76.81340331719119,93.57659,0
1.0,1.0,122.0,0.0,28.0,-1.0,False,0,1,1,2020-10-07,White,False,1,1,1,2,6.0,2.97,72.6,125.37942,1
1.0,1.0,33.0,0.0,47.0,-1.0,False,2,1,0,2023-12-03,White,False,1,0,1,2,6.0,2.83,49.6,95.85632,2
1.0,1.0,92.0,0.0,63.0,-1.0,True,0,1,1,2020-03-05,White,False,1,1,2,1,6.0,3.64,56.292724677828794,73.10897,0
1.0,1.0,58.0,0.0,38.0,2.0,False,1,0,0,2020-04-01,Gray,False,0,0,1,1,46.0,2.3,58.0,115.7901,1
1.0,1.0,22.0,0.0,34.0,-1.0,True,2,1,1,2020-10-05,Gray,False,1,2,1,0,6.0,2.41,34.919584337575635,76.54197,1
1.0,1.0,98.0,0.0,50.0,2.0,False,2,1,1,2021-07-22,Gray,False,1,2,1,0,46.0,4.08,156.86778264558214,174.40335,0
1.0,1.0,32.0,0.0,49.0,1.0,False,2,1,0,2020-06-10,White,False,1,1,1,1,16.0,3.17,50.9653999044186,108.23528,2
1.0,1.0,96.0,2.0,49.0,-1.0,True,2,0,1,2021-11-27,Green,False,2,0,2,1,6.0,1.83,153.65861953221355,249.579,0
2.0,2.0,65.0,2.0,2.0,-1.0,False,1,1,1,2020-02-22,White,False,1,0,2,1,6.0,2.39,65.61854335680592,248.89233,1
1.0,1.0,78.0,0.0,40.0,0.0,False,2,0,1,2022-06-29,Green,False,1,1,1,1,14.0,2.77,124.8,134.07878,1
1.0,2.0,66.0,2.0,67.0,-1.0,False,0,1,1,2020-05-27,Yellow,False,1,2,0,1,6.0,4.4,39.6,275.54542,2
2.0,2.0,147.0,0.0,20.0,-1.0,False,0,0,0,2020-03-22,White,False,2,0,1,1,6.0,2.37,87.64376148796579,112.18396,1
1.0,5.0,137.0,1.0,47.0,0.0,False,0,1,1,2022-04-25,Green,False,2,1,2,1,14.0,1.5,82.2,262.43546,1
1.0,1.0,58.0,0.0,47.0,-1.0,True,0,0,1,2021-12-01,Green,False,1,0,1,1,6.0,1.9,36.912083740653195,42.2398,0
